pusula,ga_kodu,secim,zaman
7b853b7e-1d99-4f44-9132-b766b703eb93,GA-1,D,2026-08-09T10:24:11.099Z
de15fc2c-5f21-4963-8a47-b6cc7706512e,GA-1,D,2026-08-09T10:25:04.588Z
de15fc2c-5f21-4963-8a47-b6cc7706512e,GA-3,A,2026-08-09T10:25:04.588Z
de15fc2c-5f21-4963-8a47-b6cc7706512e,GA-RX,D,2026-08-09T10:25:04.588Z
de15fc2c-5f21-4963-8a47-b6cc7706512e,GA-RX/Kanal,A,2026-08-09T10:25:04.588Z
de15fc2c-5f21-4963-8a47-b6cc7706512e,GA-NODE,D,2026-08-09T10:25:04.588Z
de15fc2c-5f21-4963-8a47-b6cc7706512e,GA-CROSS,D,2026-08-09T10:25:04.588Z
de15fc2c-5f21-4963-8a47-b6cc7706512e,GA-POC,C,2026-08-09T10:25:04.588Z
de15fc2c-5f21-4963-8a47-b6cc7706512e,GA-DIG,D,2026-08-09T10:25:04.588Z
de15fc2c-5f21-4963-8a47-b6cc7706512e,GA-BAND-1,D,2026-08-09T10:25:04.588Z
de15fc2c-5f21-4963-8a47-b6cc7706512e,GA-BAND-2,D,2026-08-09T10:25:04.588Z
de15fc2c-5f21-4963-8a47-b6cc7706512e,GA-BAND-3,D,2026-08-09T10:25:04.588Z
de15fc2c-5f21-4963-8a47-b6cc7706512e,GA-ARAC,D,2026-08-09T10:25:04.588Z
de15fc2c-5f21-4963-8a47-b6cc7706512e,GA-POTA,D,2026-08-09T10:25:04.588Z
de15fc2c-5f21-4963-8a47-b6cc7706512e,GA-AREDN,D,2026-08-09T10:25:04.588Z
de15fc2c-5f21-4963-8a47-b6cc7706512e,GA-LORA,D,2026-08-09T10:25:04.588Z
de15fc2c-5f21-4963-8a47-b6cc7706512e,GA-4,D,2026-08-09T10:25:04.588Z
de15fc2c-5f21-4963-8a47-b6cc7706512e,GA-6,D,2026-08-09T10:25:04.588Z
de15fc2c-5f21-4963-8a47-b6cc7706512e,GA-SK,D,2026-08-09T10:25:04.588Z
de15fc2c-5f21-4963-8a47-b6cc7706512e,GA-CALL,D,2026-08-09T10:25:04.588Z
de15fc2c-5f21-4963-8a47-b6cc7706512e,GA-CIHAZ,A,2026-08-09T10:25:04.588Z
de15fc2c-5f21-4963-8a47-b6cc7706512e,GA-EMCOMM,D,2026-08-09T10:25:04.588Z
de15fc2c-5f21-4963-8a47-b6cc7706512e,GA-ENFORC,B,2026-08-09T10:25:04.588Z
9069e684-06d0-4abf-ba92-3321fe53841d,GA-1,D,2026-08-09T10:25:33.362Z
c530e922-7e98-4068-9fcb-bc9e12ef1ce5,GA-1,D,2026-08-09T10:26:17.258Z
c530e922-7e98-4068-9fcb-bc9e12ef1ce5,GA-3,A,2026-08-09T10:26:17.258Z
c530e922-7e98-4068-9fcb-bc9e12ef1ce5,GA-RX,A,2026-08-09T10:26:17.258Z
c530e922-7e98-4068-9fcb-bc9e12ef1ce5,GA-RX/Kanal,A,2026-08-09T10:26:17.258Z
c530e922-7e98-4068-9fcb-bc9e12ef1ce5,GA-NODE,A,2026-08-09T10:26:17.258Z
c530e922-7e98-4068-9fcb-bc9e12ef1ce5,GA-CROSS,D,2026-08-09T10:26:17.258Z
c530e922-7e98-4068-9fcb-bc9e12ef1ce5,GA-POC,B,2026-08-09T10:26:17.258Z
c530e922-7e98-4068-9fcb-bc9e12ef1ce5,GA-DIG,A,2026-08-09T10:26:17.258Z
c530e922-7e98-4068-9fcb-bc9e12ef1ce5,GA-ENFORC,D,2026-08-09T10:26:17.258Z
c530e922-7e98-4068-9fcb-bc9e12ef1ce5,GA-BAND-1,D,2026-08-09T10:26:17.258Z
c530e922-7e98-4068-9fcb-bc9e12ef1ce5,GA-BAND-2,D,2026-08-09T10:26:17.258Z
c530e922-7e98-4068-9fcb-bc9e12ef1ce5,GA-BAND-3,D,2026-08-09T10:26:17.258Z
c530e922-7e98-4068-9fcb-bc9e12ef1ce5,GA-ARAC,D,2026-08-09T10:26:17.258Z
c530e922-7e98-4068-9fcb-bc9e12ef1ce5,GA-POTA,D,2026-08-09T10:26:17.258Z
c530e922-7e98-4068-9fcb-bc9e12ef1ce5,GA-AREDN,D,2026-08-09T10:26:17.258Z
c530e922-7e98-4068-9fcb-bc9e12ef1ce5,GA-LORA,A,2026-08-09T10:26:17.258Z
c530e922-7e98-4068-9fcb-bc9e12ef1ce5,GA-4,D,2026-08-09T10:26:17.258Z
c530e922-7e98-4068-9fcb-bc9e12ef1ce5,GA-6,D,2026-08-09T10:26:17.258Z
c530e922-7e98-4068-9fcb-bc9e12ef1ce5,GA-SK,D,2026-08-09T10:26:17.258Z
c530e922-7e98-4068-9fcb-bc9e12ef1ce5,GA-CALL,A,2026-08-09T10:26:17.258Z
c530e922-7e98-4068-9fcb-bc9e12ef1ce5,GA-CIHAZ,D,2026-08-09T10:26:17.258Z
c530e922-7e98-4068-9fcb-bc9e12ef1ce5,GA-EMCOMM,E,2026-08-09T10:26:17.258Z
c530e922-7e98-4068-9fcb-bc9e12ef1ce5,GA-EMCOMM,C,2026-08-09T10:26:17.258Z
e7f1de8c-5dc5-4e70-840f-f5b3fcdf1d5a,GA-1,D,2026-08-09T10:29:56.785Z
e7f1de8c-5dc5-4e70-840f-f5b3fcdf1d5a,GA-3,A,2026-08-09T10:29:56.785Z
e7f1de8c-5dc5-4e70-840f-f5b3fcdf1d5a,GA-RX,D,2026-08-09T10:29:56.785Z
e7f1de8c-5dc5-4e70-840f-f5b3fcdf1d5a,GA-RX/Kanal,A,2026-08-09T10:29:56.785Z
e7f1de8c-5dc5-4e70-840f-f5b3fcdf1d5a,GA-NODE,D,2026-08-09T10:29:56.785Z
e7f1de8c-5dc5-4e70-840f-f5b3fcdf1d5a,GA-CROSS,A,2026-08-09T10:29:56.785Z
e7f1de8c-5dc5-4e70-840f-f5b3fcdf1d5a,GA-POC,D,2026-08-09T10:29:56.785Z
e7f1de8c-5dc5-4e70-840f-f5b3fcdf1d5a,GA-DIG,D,2026-08-09T10:29:56.785Z
e7f1de8c-5dc5-4e70-840f-f5b3fcdf1d5a,GA-ENFORC,D,2026-08-09T10:29:56.785Z
e7f1de8c-5dc5-4e70-840f-f5b3fcdf1d5a,GA-BAND-1,C,2026-08-09T10:29:56.785Z
e7f1de8c-5dc5-4e70-840f-f5b3fcdf1d5a,GA-BAND-2,D,2026-08-09T10:29:56.785Z
e7f1de8c-5dc5-4e70-840f-f5b3fcdf1d5a,GA-BAND-3,D,2026-08-09T10:29:56.785Z
e7f1de8c-5dc5-4e70-840f-f5b3fcdf1d5a,GA-ARAC,D,2026-08-09T10:29:56.785Z
e7f1de8c-5dc5-4e70-840f-f5b3fcdf1d5a,GA-POTA,C,2026-08-09T10:29:56.785Z
e7f1de8c-5dc5-4e70-840f-f5b3fcdf1d5a,GA-POTA,D,2026-08-09T10:29:56.785Z
e7f1de8c-5dc5-4e70-840f-f5b3fcdf1d5a,GA-AREDN,B,2026-08-09T10:29:56.785Z
e7f1de8c-5dc5-4e70-840f-f5b3fcdf1d5a,GA-AREDN,A,2026-08-09T10:29:56.785Z
e7f1de8c-5dc5-4e70-840f-f5b3fcdf1d5a,GA-4,D,2026-08-09T10:29:56.785Z
e7f1de8c-5dc5-4e70-840f-f5b3fcdf1d5a,GA-LORA,A,2026-08-09T10:29:56.785Z
e7f1de8c-5dc5-4e70-840f-f5b3fcdf1d5a,GA-LORA,B,2026-08-09T10:29:56.785Z
e7f1de8c-5dc5-4e70-840f-f5b3fcdf1d5a,GA-6,D,2026-08-09T10:29:56.785Z
e7f1de8c-5dc5-4e70-840f-f5b3fcdf1d5a,GA-SK,A,2026-08-09T10:29:56.785Z
e7f1de8c-5dc5-4e70-840f-f5b3fcdf1d5a,GA-SK,B,2026-08-09T10:29:56.785Z
e7f1de8c-5dc5-4e70-840f-f5b3fcdf1d5a,GA-CALL,D,2026-08-09T10:29:56.785Z
e7f1de8c-5dc5-4e70-840f-f5b3fcdf1d5a,GA-CIHAZ,D,2026-08-09T10:29:56.785Z
e7f1de8c-5dc5-4e70-840f-f5b3fcdf1d5a,GA-EMCOMM,D,2026-08-09T10:29:56.785Z
e7f1de8c-5dc5-4e70-840f-f5b3fcdf1d5a,GA-EMCOMM,C,2026-08-09T10:29:56.785Z
46a5ba3c-1d0a-40ed-aaa2-c7dca643a032,GA-1,D,2026-08-09T10:33:45.753Z
46a5ba3c-1d0a-40ed-aaa2-c7dca643a032,GA-3,D,2026-08-09T10:33:45.753Z
46a5ba3c-1d0a-40ed-aaa2-c7dca643a032,GA-RX,D,2026-08-09T10:33:45.753Z
46a5ba3c-1d0a-40ed-aaa2-c7dca643a032,GA-RX/Kanal,A,2026-08-09T10:33:45.753Z
46a5ba3c-1d0a-40ed-aaa2-c7dca643a032,GA-NODE,E,2026-08-09T10:33:45.753Z
46a5ba3c-1d0a-40ed-aaa2-c7dca643a032,GA-CROSS,E,2026-08-09T10:33:45.753Z
46a5ba3c-1d0a-40ed-aaa2-c7dca643a032,GA-POC,B,2026-08-09T10:33:45.753Z
46a5ba3c-1d0a-40ed-aaa2-c7dca643a032,GA-DIG,E,2026-08-09T10:33:45.753Z
46a5ba3c-1d0a-40ed-aaa2-c7dca643a032,GA-ENFORC,C,2026-08-09T10:33:45.753Z
46a5ba3c-1d0a-40ed-aaa2-c7dca643a032,GA-BAND-1,E,2026-08-09T10:33:45.753Z
46a5ba3c-1d0a-40ed-aaa2-c7dca643a032,GA-BAND-2,B,2026-08-09T10:33:45.753Z
46a5ba3c-1d0a-40ed-aaa2-c7dca643a032,GA-BAND-3,D,2026-08-09T10:33:45.753Z
46a5ba3c-1d0a-40ed-aaa2-c7dca643a032,GA-ARAC,C,2026-08-09T10:33:45.753Z
46a5ba3c-1d0a-40ed-aaa2-c7dca643a032,GA-POTA,C,2026-08-09T10:33:45.753Z
46a5ba3c-1d0a-40ed-aaa2-c7dca643a032,GA-AREDN,C,2026-08-09T10:33:45.753Z
46a5ba3c-1d0a-40ed-aaa2-c7dca643a032,GA-LORA,D,2026-08-09T10:33:45.753Z
46a5ba3c-1d0a-40ed-aaa2-c7dca643a032,GA-4,C,2026-08-09T10:33:45.753Z
46a5ba3c-1d0a-40ed-aaa2-c7dca643a032,GA-6,C,2026-08-09T10:33:45.753Z
46a5ba3c-1d0a-40ed-aaa2-c7dca643a032,GA-SK,A,2026-08-09T10:33:45.753Z
46a5ba3c-1d0a-40ed-aaa2-c7dca643a032,GA-CALL,E,2026-08-09T10:33:45.753Z
46a5ba3c-1d0a-40ed-aaa2-c7dca643a032,GA-CIHAZ,B,2026-08-09T10:33:45.753Z
46a5ba3c-1d0a-40ed-aaa2-c7dca643a032,GA-EMCOMM,E,2026-08-09T10:33:45.753Z
e6a754ce-eca8-4532-bbe5-81da53df5a0f,GA-1,D,2026-08-09T10:35:25.778Z
e6a754ce-eca8-4532-bbe5-81da53df5a0f,GA-3,A,2026-08-09T10:35:25.778Z
e6a754ce-eca8-4532-bbe5-81da53df5a0f,GA-RX,A,2026-08-09T10:35:25.778Z
e6a754ce-eca8-4532-bbe5-81da53df5a0f,GA-RX/Kanal,B,2026-08-09T10:35:25.778Z
e6a754ce-eca8-4532-bbe5-81da53df5a0f,GA-RX/Kanal,C,2026-08-09T10:35:25.778Z
e6a754ce-eca8-4532-bbe5-81da53df5a0f,GA-NODE,C,2026-08-09T10:35:25.778Z
e6a754ce-eca8-4532-bbe5-81da53df5a0f,GA-CROSS,C,2026-08-09T10:35:25.778Z
e6a754ce-eca8-4532-bbe5-81da53df5a0f,GA-CROSS,B,2026-08-09T10:35:25.778Z
e6a754ce-eca8-4532-bbe5-81da53df5a0f,GA-POC,B,2026-08-09T10:35:25.778Z
e6a754ce-eca8-4532-bbe5-81da53df5a0f,GA-DIG,C,2026-08-09T10:35:25.778Z
e6a754ce-eca8-4532-bbe5-81da53df5a0f,GA-DIG,D,2026-08-09T10:35:25.778Z
e6a754ce-eca8-4532-bbe5-81da53df5a0f,GA-ENFORC,D,2026-08-09T10:35:25.778Z
e6a754ce-eca8-4532-bbe5-81da53df5a0f,GA-ENFORC,C,2026-08-09T10:35:25.778Z
e6a754ce-eca8-4532-bbe5-81da53df5a0f,GA-ENFORC,B,2026-08-09T10:35:25.778Z
e6a754ce-eca8-4532-bbe5-81da53df5a0f,GA-BAND-1,D,2026-08-09T10:35:25.778Z
e6a754ce-eca8-4532-bbe5-81da53df5a0f,GA-BAND-1,C,2026-08-09T10:35:25.778Z
e6a754ce-eca8-4532-bbe5-81da53df5a0f,GA-BAND-2,C,2026-08-09T10:35:25.778Z
e6a754ce-eca8-4532-bbe5-81da53df5a0f,GA-BAND-2,B,2026-08-09T10:35:25.778Z
e6a754ce-eca8-4532-bbe5-81da53df5a0f,GA-BAND-2,D,2026-08-09T10:35:25.778Z
e6a754ce-eca8-4532-bbe5-81da53df5a0f,GA-BAND-3,A,2026-08-09T10:35:25.778Z
e6a754ce-eca8-4532-bbe5-81da53df5a0f,GA-ARAC,B,2026-08-09T10:35:25.778Z
e6a754ce-eca8-4532-bbe5-81da53df5a0f,GA-ARAC,D,2026-08-09T10:35:25.778Z
e6a754ce-eca8-4532-bbe5-81da53df5a0f,GA-ARAC,C,2026-08-09T10:35:25.778Z
e6a754ce-eca8-4532-bbe5-81da53df5a0f,GA-POTA,C,2026-08-09T10:35:25.778Z
e6a754ce-eca8-4532-bbe5-81da53df5a0f,GA-POTA,D,2026-08-09T10:35:25.778Z
e6a754ce-eca8-4532-bbe5-81da53df5a0f,GA-POTA,B,2026-08-09T10:35:25.778Z
e6a754ce-eca8-4532-bbe5-81da53df5a0f,GA-AREDN,A,2026-08-09T10:35:25.778Z
e6a754ce-eca8-4532-bbe5-81da53df5a0f,GA-LORA,A,2026-08-09T10:35:25.778Z
e6a754ce-eca8-4532-bbe5-81da53df5a0f,GA-4,C,2026-08-09T10:35:25.778Z
e6a754ce-eca8-4532-bbe5-81da53df5a0f,GA-4,D,2026-08-09T10:35:25.778Z
e6a754ce-eca8-4532-bbe5-81da53df5a0f,GA-6,D,2026-08-09T10:35:25.778Z
e6a754ce-eca8-4532-bbe5-81da53df5a0f,GA-6,C,2026-08-09T10:35:25.778Z
e6a754ce-eca8-4532-bbe5-81da53df5a0f,GA-6,B,2026-08-09T10:35:25.778Z
e6a754ce-eca8-4532-bbe5-81da53df5a0f,GA-SK,A,2026-08-09T10:35:25.778Z
e6a754ce-eca8-4532-bbe5-81da53df5a0f,GA-CALL,C,2026-08-09T10:35:25.778Z
e6a754ce-eca8-4532-bbe5-81da53df5a0f,GA-CALL,D,2026-08-09T10:35:25.778Z
e6a754ce-eca8-4532-bbe5-81da53df5a0f,GA-CIHAZ,C,2026-08-09T10:35:25.778Z
e6a754ce-eca8-4532-bbe5-81da53df5a0f,GA-CIHAZ,D,2026-08-09T10:35:25.778Z
e6a754ce-eca8-4532-bbe5-81da53df5a0f,GA-EMCOMM,D,2026-08-09T10:35:25.778Z
e6a754ce-eca8-4532-bbe5-81da53df5a0f,GA-EMCOMM,C,2026-08-09T10:35:25.778Z
228071ac-7469-4ba1-b420-35719004e229,GA-1,D,2026-08-09T10:41:02.104Z
228071ac-7469-4ba1-b420-35719004e229,GA-3,A,2026-08-09T10:41:02.104Z
228071ac-7469-4ba1-b420-35719004e229,GA-RX,C,2026-08-09T10:41:02.104Z
228071ac-7469-4ba1-b420-35719004e229,GA-RX/Kanal,C,2026-08-09T10:41:02.104Z
228071ac-7469-4ba1-b420-35719004e229,GA-NODE,C,2026-08-09T10:41:02.104Z
228071ac-7469-4ba1-b420-35719004e229,GA-CROSS,C,2026-08-09T10:41:02.104Z
228071ac-7469-4ba1-b420-35719004e229,GA-POC,C,2026-08-09T10:41:02.104Z
228071ac-7469-4ba1-b420-35719004e229,GA-DIG,A,2026-08-09T10:41:02.104Z
228071ac-7469-4ba1-b420-35719004e229,GA-ENFORC,D,2026-08-09T10:41:02.104Z
228071ac-7469-4ba1-b420-35719004e229,GA-BAND-1,D,2026-08-09T10:41:02.104Z
228071ac-7469-4ba1-b420-35719004e229,GA-BAND-2,A,2026-08-09T10:41:02.104Z
228071ac-7469-4ba1-b420-35719004e229,GA-BAND-3,D,2026-08-09T10:41:02.104Z
228071ac-7469-4ba1-b420-35719004e229,GA-ARAC,C,2026-08-09T10:41:02.104Z
228071ac-7469-4ba1-b420-35719004e229,GA-POTA,B,2026-08-09T10:41:02.104Z
228071ac-7469-4ba1-b420-35719004e229,GA-AREDN,B,2026-08-09T10:41:02.104Z
228071ac-7469-4ba1-b420-35719004e229,GA-LORA,C,2026-08-09T10:41:02.104Z
228071ac-7469-4ba1-b420-35719004e229,GA-4,A,2026-08-09T10:41:02.104Z
228071ac-7469-4ba1-b420-35719004e229,GA-6,D,2026-08-09T10:41:02.104Z
228071ac-7469-4ba1-b420-35719004e229,GA-SK,C,2026-08-09T10:41:02.104Z
228071ac-7469-4ba1-b420-35719004e229,GA-CALL,D,2026-08-09T10:41:02.104Z
228071ac-7469-4ba1-b420-35719004e229,GA-CIHAZ,D,2026-08-09T10:41:02.104Z
228071ac-7469-4ba1-b420-35719004e229,GA-EMCOMM,D,2026-08-09T10:41:02.104Z
b457ce28-2313-4582-99f1-2d06336652d8,GA-1,D,2026-08-09T10:43:04.735Z
b457ce28-2313-4582-99f1-2d06336652d8,GA-3,A,2026-08-09T10:43:04.735Z
b457ce28-2313-4582-99f1-2d06336652d8,GA-RX,D,2026-08-09T10:43:04.735Z
b457ce28-2313-4582-99f1-2d06336652d8,GA-RX/Kanal,A,2026-08-09T10:43:04.735Z
b457ce28-2313-4582-99f1-2d06336652d8,GA-NODE,D,2026-08-09T10:43:04.735Z
b457ce28-2313-4582-99f1-2d06336652d8,GA-CROSS,D,2026-08-09T10:43:04.735Z
b457ce28-2313-4582-99f1-2d06336652d8,GA-POC,C,2026-08-09T10:43:04.735Z
b457ce28-2313-4582-99f1-2d06336652d8,GA-DIG,D,2026-08-09T10:43:04.735Z
b457ce28-2313-4582-99f1-2d06336652d8,GA-ENFORC,D,2026-08-09T10:43:04.735Z
b457ce28-2313-4582-99f1-2d06336652d8,GA-BAND-1,C,2026-08-09T10:43:04.735Z
b457ce28-2313-4582-99f1-2d06336652d8,GA-BAND-1,D,2026-08-09T10:43:04.735Z
b457ce28-2313-4582-99f1-2d06336652d8,GA-BAND-2,D,2026-08-09T10:43:04.735Z
b457ce28-2313-4582-99f1-2d06336652d8,GA-BAND-3,D,2026-08-09T10:43:04.735Z
b457ce28-2313-4582-99f1-2d06336652d8,GA-ARAC,D,2026-08-09T10:43:04.735Z
b457ce28-2313-4582-99f1-2d06336652d8,GA-POTA,D,2026-08-09T10:43:04.735Z
b457ce28-2313-4582-99f1-2d06336652d8,GA-AREDN,C,2026-08-09T10:43:04.735Z
b457ce28-2313-4582-99f1-2d06336652d8,GA-LORA,D,2026-08-09T10:43:04.735Z
b457ce28-2313-4582-99f1-2d06336652d8,GA-4,D,2026-08-09T10:43:04.735Z
b457ce28-2313-4582-99f1-2d06336652d8,GA-6,D,2026-08-09T10:43:04.735Z
b457ce28-2313-4582-99f1-2d06336652d8,GA-SK,A,2026-08-09T10:43:04.735Z
b457ce28-2313-4582-99f1-2d06336652d8,GA-CALL,D,2026-08-09T10:43:04.735Z
b457ce28-2313-4582-99f1-2d06336652d8,GA-CIHAZ,D,2026-08-09T10:43:04.735Z
b457ce28-2313-4582-99f1-2d06336652d8,GA-EMCOMM,D,2026-08-09T10:43:04.735Z
0bd3005b-3571-44df-9aac-670d7a794f4a,GA-1,C,2026-08-09T11:09:27.441Z
0bd3005b-3571-44df-9aac-670d7a794f4a,GA-3,A,2026-08-09T11:09:27.441Z
0bd3005b-3571-44df-9aac-670d7a794f4a,GA-RX,D,2026-08-09T11:09:27.441Z
0bd3005b-3571-44df-9aac-670d7a794f4a,GA-RX/Kanal,A,2026-08-09T11:09:27.441Z
0bd3005b-3571-44df-9aac-670d7a794f4a,GA-NODE,D,2026-08-09T11:09:27.441Z
0bd3005b-3571-44df-9aac-670d7a794f4a,GA-CROSS,A,2026-08-09T11:09:27.441Z
0bd3005b-3571-44df-9aac-670d7a794f4a,GA-ENFORC,D,2026-08-09T11:09:27.441Z
0bd3005b-3571-44df-9aac-670d7a794f4a,GA-BAND-2,C,2026-08-09T11:09:27.441Z
0bd3005b-3571-44df-9aac-670d7a794f4a,GA-ARAC,B,2026-08-09T11:09:27.441Z
0bd3005b-3571-44df-9aac-670d7a794f4a,GA-4,C,2026-08-09T11:09:27.441Z
0bd3005b-3571-44df-9aac-670d7a794f4a,GA-6,B,2026-08-09T11:09:27.441Z
0bd3005b-3571-44df-9aac-670d7a794f4a,GA-SK,D,2026-08-09T11:09:27.441Z
0bd3005b-3571-44df-9aac-670d7a794f4a,GA-CALL,A,2026-08-09T11:09:27.441Z
0bd3005b-3571-44df-9aac-670d7a794f4a,GA-CIHAZ,D,2026-08-09T11:09:27.441Z
0bd3005b-3571-44df-9aac-670d7a794f4a,GA-EMCOMM,C,2026-08-09T11:09:27.441Z
d08aabeb-522c-45e3-aca5-b95e0468e78a,GA-1,D,2026-08-09T11:33:20.848Z
d08aabeb-522c-45e3-aca5-b95e0468e78a,GA-3,A,2026-08-09T11:33:20.848Z
d08aabeb-522c-45e3-aca5-b95e0468e78a,GA-RX,D,2026-08-09T11:33:20.848Z
d08aabeb-522c-45e3-aca5-b95e0468e78a,GA-RX/Kanal,A,2026-08-09T11:33:20.848Z
d08aabeb-522c-45e3-aca5-b95e0468e78a,GA-NODE,D,2026-08-09T11:33:20.848Z
d08aabeb-522c-45e3-aca5-b95e0468e78a,GA-CROSS,D,2026-08-09T11:33:20.848Z
d08aabeb-522c-45e3-aca5-b95e0468e78a,GA-POC,C,2026-08-09T11:33:20.848Z
d08aabeb-522c-45e3-aca5-b95e0468e78a,GA-ENFORC,D,2026-08-09T11:33:20.848Z
d08aabeb-522c-45e3-aca5-b95e0468e78a,GA-DIG,D,2026-08-09T11:33:20.848Z
d08aabeb-522c-45e3-aca5-b95e0468e78a,GA-BAND-1,D,2026-08-09T11:33:20.848Z
d08aabeb-522c-45e3-aca5-b95e0468e78a,GA-BAND-2,D,2026-08-09T11:33:20.848Z
d08aabeb-522c-45e3-aca5-b95e0468e78a,GA-BAND-3,D,2026-08-09T11:33:20.848Z
d08aabeb-522c-45e3-aca5-b95e0468e78a,GA-ARAC,D,2026-08-09T11:33:20.848Z
d08aabeb-522c-45e3-aca5-b95e0468e78a,GA-POTA,D,2026-08-09T11:33:20.848Z
d08aabeb-522c-45e3-aca5-b95e0468e78a,GA-AREDN,C,2026-08-09T11:33:20.848Z
d08aabeb-522c-45e3-aca5-b95e0468e78a,GA-LORA,D,2026-08-09T11:33:20.848Z
d08aabeb-522c-45e3-aca5-b95e0468e78a,GA-4,D,2026-08-09T11:33:20.848Z
d08aabeb-522c-45e3-aca5-b95e0468e78a,GA-6,D,2026-08-09T11:33:20.848Z
d08aabeb-522c-45e3-aca5-b95e0468e78a,GA-SK,A,2026-08-09T11:33:20.848Z
d08aabeb-522c-45e3-aca5-b95e0468e78a,GA-CALL,D,2026-08-09T11:33:20.848Z
d08aabeb-522c-45e3-aca5-b95e0468e78a,GA-CIHAZ,D,2026-08-09T11:33:20.848Z
d08aabeb-522c-45e3-aca5-b95e0468e78a,GA-EMCOMM,D,2026-08-09T11:33:20.848Z
d0f143f9-c3c8-499e-97a7-942d6924919f,GA-1,E,2026-08-09T11:36:58.742Z
d0f143f9-c3c8-499e-97a7-942d6924919f,GA-3,C,2026-08-09T11:36:58.742Z
d0f143f9-c3c8-499e-97a7-942d6924919f,GA-RX,C,2026-08-09T11:36:58.742Z
d0f143f9-c3c8-499e-97a7-942d6924919f,GA-RX/Kanal,D,2026-08-09T11:36:58.742Z
d0f143f9-c3c8-499e-97a7-942d6924919f,GA-BAND-1,C,2026-08-09T11:36:58.742Z
d0f143f9-c3c8-499e-97a7-942d6924919f,GA-ENFORC,B,2026-08-09T11:36:58.742Z
d0f143f9-c3c8-499e-97a7-942d6924919f,GA-DIG,C,2026-08-09T11:36:58.742Z
d0f143f9-c3c8-499e-97a7-942d6924919f,GA-POC,A,2026-08-09T11:36:58.742Z
d0f143f9-c3c8-499e-97a7-942d6924919f,GA-CROSS,C,2026-08-09T11:36:58.742Z
d0f143f9-c3c8-499e-97a7-942d6924919f,GA-NODE,E,2026-08-09T11:36:58.742Z
d0f143f9-c3c8-499e-97a7-942d6924919f,GA-NODE,D,2026-08-09T11:36:58.742Z
d0f143f9-c3c8-499e-97a7-942d6924919f,GA-BAND-2,B,2026-08-09T11:36:58.742Z
d0f143f9-c3c8-499e-97a7-942d6924919f,GA-BAND-2,D,2026-08-09T11:36:58.742Z
d0f143f9-c3c8-499e-97a7-942d6924919f,GA-BAND-3,D,2026-08-09T11:36:58.742Z
d0f143f9-c3c8-499e-97a7-942d6924919f,GA-BAND-3,C,2026-08-09T11:36:58.742Z
d0f143f9-c3c8-499e-97a7-942d6924919f,GA-ARAC,D,2026-08-09T11:36:58.742Z
d0f143f9-c3c8-499e-97a7-942d6924919f,GA-POTA,D,2026-08-09T11:36:58.742Z
d0f143f9-c3c8-499e-97a7-942d6924919f,GA-POTA,C,2026-08-09T11:36:58.742Z
d0f143f9-c3c8-499e-97a7-942d6924919f,GA-AREDN,A,2026-08-09T11:36:58.742Z
d0f143f9-c3c8-499e-97a7-942d6924919f,GA-LORA,A,2026-08-09T11:36:58.742Z
d0f143f9-c3c8-499e-97a7-942d6924919f,GA-4,D,2026-08-09T11:36:58.742Z
d0f143f9-c3c8-499e-97a7-942d6924919f,GA-6,D,2026-08-09T11:36:58.742Z
d0f143f9-c3c8-499e-97a7-942d6924919f,GA-SK,D,2026-08-09T11:36:58.742Z
d0f143f9-c3c8-499e-97a7-942d6924919f,GA-CALL,D,2026-08-09T11:36:58.742Z
d0f143f9-c3c8-499e-97a7-942d6924919f,GA-CIHAZ,C,2026-08-09T11:36:58.742Z
d0f143f9-c3c8-499e-97a7-942d6924919f,GA-EMCOMM,E,2026-08-09T11:36:58.742Z
d968d352-4cc9-4c7e-bd95-68df9072989e,GA-RX,E,2026-08-09T11:37:12.511Z
3436f9e5-1835-48bc-9742-f231afdf1225,GA-1,C,2026-08-09T11:40:01.804Z
3436f9e5-1835-48bc-9742-f231afdf1225,GA-3,C,2026-08-09T11:40:01.804Z
3436f9e5-1835-48bc-9742-f231afdf1225,GA-RX,A,2026-08-09T11:40:01.804Z
3436f9e5-1835-48bc-9742-f231afdf1225,GA-RX/Kanal,A,2026-08-09T11:40:01.804Z
3436f9e5-1835-48bc-9742-f231afdf1225,GA-NODE,A,2026-08-09T11:40:01.804Z
3436f9e5-1835-48bc-9742-f231afdf1225,GA-CROSS,A,2026-08-09T11:40:01.804Z
3436f9e5-1835-48bc-9742-f231afdf1225,GA-POC,A,2026-08-09T11:40:01.804Z
3436f9e5-1835-48bc-9742-f231afdf1225,GA-DIG,D,2026-08-09T11:40:01.804Z
3436f9e5-1835-48bc-9742-f231afdf1225,GA-ENFORC,A,2026-08-09T11:40:01.804Z
3436f9e5-1835-48bc-9742-f231afdf1225,GA-BAND-1,A,2026-08-09T11:40:01.804Z
3436f9e5-1835-48bc-9742-f231afdf1225,GA-BAND-2,A,2026-08-09T11:40:01.804Z
3436f9e5-1835-48bc-9742-f231afdf1225,GA-BAND-3,A,2026-08-09T11:40:01.804Z
3436f9e5-1835-48bc-9742-f231afdf1225,GA-ARAC,D,2026-08-09T11:40:01.804Z
3436f9e5-1835-48bc-9742-f231afdf1225,GA-POTA,A,2026-08-09T11:40:01.804Z
3436f9e5-1835-48bc-9742-f231afdf1225,GA-AREDN,B,2026-08-09T11:40:01.804Z
3436f9e5-1835-48bc-9742-f231afdf1225,GA-LORA,B,2026-08-09T11:40:01.804Z
3436f9e5-1835-48bc-9742-f231afdf1225,GA-4,A,2026-08-09T11:40:01.804Z
3436f9e5-1835-48bc-9742-f231afdf1225,GA-6,A,2026-08-09T11:40:01.804Z
3436f9e5-1835-48bc-9742-f231afdf1225,GA-SK,A,2026-08-09T11:40:01.804Z
3436f9e5-1835-48bc-9742-f231afdf1225,GA-CALL,A,2026-08-09T11:40:01.804Z
3436f9e5-1835-48bc-9742-f231afdf1225,GA-CIHAZ,A,2026-08-09T11:40:01.804Z
3436f9e5-1835-48bc-9742-f231afdf1225,GA-EMCOMM,C,2026-08-09T11:40:01.804Z
3d6c88c4-693f-41ce-84a1-ad39f97b7556,GA-1,D,2026-08-09T11:44:12.131Z
3d6c88c4-693f-41ce-84a1-ad39f97b7556,GA-3,A,2026-08-09T11:44:12.131Z
3d6c88c4-693f-41ce-84a1-ad39f97b7556,GA-RX,D,2026-08-09T11:44:12.131Z
3d6c88c4-693f-41ce-84a1-ad39f97b7556,GA-RX/Kanal,A,2026-08-09T11:44:12.131Z
3d6c88c4-693f-41ce-84a1-ad39f97b7556,GA-NODE,D,2026-08-09T11:44:12.131Z
3d6c88c4-693f-41ce-84a1-ad39f97b7556,GA-CROSS,C,2026-08-09T11:44:12.131Z
3d6c88c4-693f-41ce-84a1-ad39f97b7556,GA-POC,C,2026-08-09T11:44:12.131Z
3d6c88c4-693f-41ce-84a1-ad39f97b7556,GA-DIG,D,2026-08-09T11:44:12.131Z
3d6c88c4-693f-41ce-84a1-ad39f97b7556,GA-ENFORC,D,2026-08-09T11:44:12.131Z
3d6c88c4-693f-41ce-84a1-ad39f97b7556,GA-BAND-1,D,2026-08-09T11:44:12.131Z
3d6c88c4-693f-41ce-84a1-ad39f97b7556,GA-BAND-2,D,2026-08-09T11:44:12.131Z
3d6c88c4-693f-41ce-84a1-ad39f97b7556,GA-BAND-3,D,2026-08-09T11:44:12.131Z
3d6c88c4-693f-41ce-84a1-ad39f97b7556,GA-ARAC,D,2026-08-09T11:44:12.131Z
3d6c88c4-693f-41ce-84a1-ad39f97b7556,GA-POTA,D,2026-08-09T11:44:12.131Z
3d6c88c4-693f-41ce-84a1-ad39f97b7556,GA-AREDN,C,2026-08-09T11:44:12.131Z
3d6c88c4-693f-41ce-84a1-ad39f97b7556,GA-LORA,A,2026-08-09T11:44:12.131Z
3d6c88c4-693f-41ce-84a1-ad39f97b7556,GA-4,D,2026-08-09T11:44:12.131Z
3d6c88c4-693f-41ce-84a1-ad39f97b7556,GA-6,D,2026-08-09T11:44:12.131Z
3d6c88c4-693f-41ce-84a1-ad39f97b7556,GA-SK,A,2026-08-09T11:44:12.131Z
3d6c88c4-693f-41ce-84a1-ad39f97b7556,GA-CALL,D,2026-08-09T11:44:12.131Z
3d6c88c4-693f-41ce-84a1-ad39f97b7556,GA-CIHAZ,D,2026-08-09T11:44:12.131Z
3d6c88c4-693f-41ce-84a1-ad39f97b7556,GA-EMCOMM,D,2026-08-09T11:44:12.131Z
b5a87e7a-3f67-4bb9-87af-8b709f779fbf,GA-1,D,2026-08-09T11:46:48.071Z
b5a87e7a-3f67-4bb9-87af-8b709f779fbf,GA-3,A,2026-08-09T11:46:48.071Z
b5a87e7a-3f67-4bb9-87af-8b709f779fbf,GA-RX,D,2026-08-09T11:46:48.071Z
b5a87e7a-3f67-4bb9-87af-8b709f779fbf,GA-RX/Kanal,D,2026-08-09T11:46:48.071Z
b5a87e7a-3f67-4bb9-87af-8b709f779fbf,GA-NODE,D,2026-08-09T11:46:48.071Z
b5a87e7a-3f67-4bb9-87af-8b709f779fbf,GA-CROSS,A,2026-08-09T11:46:48.071Z
b5a87e7a-3f67-4bb9-87af-8b709f779fbf,GA-POC,C,2026-08-09T11:46:48.071Z
b5a87e7a-3f67-4bb9-87af-8b709f779fbf,GA-DIG,C,2026-08-09T11:46:48.071Z
b5a87e7a-3f67-4bb9-87af-8b709f779fbf,GA-ENFORC,D,2026-08-09T11:46:48.071Z
b5a87e7a-3f67-4bb9-87af-8b709f779fbf,GA-BAND-1,C,2026-08-09T11:46:48.071Z
b5a87e7a-3f67-4bb9-87af-8b709f779fbf,GA-ARAC,C,2026-08-09T11:46:48.071Z
b5a87e7a-3f67-4bb9-87af-8b709f779fbf,GA-POTA,B,2026-08-09T11:46:48.071Z
b5a87e7a-3f67-4bb9-87af-8b709f779fbf,GA-LORA,D,2026-08-09T11:46:48.071Z
b5a87e7a-3f67-4bb9-87af-8b709f779fbf,GA-4,D,2026-08-09T11:46:48.071Z
b5a87e7a-3f67-4bb9-87af-8b709f779fbf,GA-6,C,2026-08-09T11:46:48.071Z
b5a87e7a-3f67-4bb9-87af-8b709f779fbf,GA-SK,D,2026-08-09T11:46:48.071Z
b5a87e7a-3f67-4bb9-87af-8b709f779fbf,GA-CALL,A,2026-08-09T11:46:48.071Z
b5a87e7a-3f67-4bb9-87af-8b709f779fbf,GA-CIHAZ,D,2026-08-09T11:46:48.071Z
72d326fa-b01f-4c41-bfdc-f5cd27bce438,GA-1,D,2026-08-09T11:47:36.213Z
72d326fa-b01f-4c41-bfdc-f5cd27bce438,GA-3,A,2026-08-09T11:47:36.213Z
72d326fa-b01f-4c41-bfdc-f5cd27bce438,GA-RX,A,2026-08-09T11:47:36.213Z
72d326fa-b01f-4c41-bfdc-f5cd27bce438,GA-RX/Kanal,A,2026-08-09T11:47:36.213Z
72d326fa-b01f-4c41-bfdc-f5cd27bce438,GA-NODE,D,2026-08-09T11:47:36.213Z
72d326fa-b01f-4c41-bfdc-f5cd27bce438,GA-CROSS,D,2026-08-09T11:47:36.213Z
72d326fa-b01f-4c41-bfdc-f5cd27bce438,GA-POC,B,2026-08-09T11:47:36.213Z
72d326fa-b01f-4c41-bfdc-f5cd27bce438,GA-DIG,A,2026-08-09T11:47:36.213Z
72d326fa-b01f-4c41-bfdc-f5cd27bce438,GA-ENFORC,D,2026-08-09T11:47:36.213Z
72d326fa-b01f-4c41-bfdc-f5cd27bce438,GA-BAND-1,D,2026-08-09T11:47:36.213Z
72d326fa-b01f-4c41-bfdc-f5cd27bce438,GA-BAND-2,C,2026-08-09T11:47:36.213Z
72d326fa-b01f-4c41-bfdc-f5cd27bce438,GA-BAND-3,D,2026-08-09T11:47:36.213Z
72d326fa-b01f-4c41-bfdc-f5cd27bce438,GA-ARAC,D,2026-08-09T11:47:36.213Z
72d326fa-b01f-4c41-bfdc-f5cd27bce438,GA-POTA,D,2026-08-09T11:47:36.213Z
72d326fa-b01f-4c41-bfdc-f5cd27bce438,GA-AREDN,C,2026-08-09T11:47:36.213Z
72d326fa-b01f-4c41-bfdc-f5cd27bce438,GA-LORA,D,2026-08-09T11:47:36.213Z
72d326fa-b01f-4c41-bfdc-f5cd27bce438,GA-4,D,2026-08-09T11:47:36.213Z
72d326fa-b01f-4c41-bfdc-f5cd27bce438,GA-6,D,2026-08-09T11:47:36.213Z
72d326fa-b01f-4c41-bfdc-f5cd27bce438,GA-SK,D,2026-08-09T11:47:36.213Z
72d326fa-b01f-4c41-bfdc-f5cd27bce438,GA-CALL,D,2026-08-09T11:47:36.213Z
72d326fa-b01f-4c41-bfdc-f5cd27bce438,GA-CIHAZ,A,2026-08-09T11:47:36.213Z
72d326fa-b01f-4c41-bfdc-f5cd27bce438,GA-EMCOMM,A,2026-08-09T11:47:36.213Z
253b735c-898d-41ba-acf8-7307485e8304,GA-1,D,2026-08-09T11:57:36.870Z
253b735c-898d-41ba-acf8-7307485e8304,GA-3,A,2026-08-09T11:57:36.870Z
253b735c-898d-41ba-acf8-7307485e8304,GA-RX,D,2026-08-09T11:57:36.870Z
253b735c-898d-41ba-acf8-7307485e8304,GA-RX/Kanal,A,2026-08-09T11:57:36.870Z
253b735c-898d-41ba-acf8-7307485e8304,GA-NODE,D,2026-08-09T11:57:36.870Z
253b735c-898d-41ba-acf8-7307485e8304,GA-CROSS,D,2026-08-09T11:57:36.870Z
253b735c-898d-41ba-acf8-7307485e8304,GA-POC,C,2026-08-09T11:57:36.870Z
253b735c-898d-41ba-acf8-7307485e8304,GA-DIG,D,2026-08-09T11:57:36.870Z
253b735c-898d-41ba-acf8-7307485e8304,GA-ENFORC,D,2026-08-09T11:57:36.870Z
253b735c-898d-41ba-acf8-7307485e8304,GA-BAND-1,D,2026-08-09T11:57:36.870Z
253b735c-898d-41ba-acf8-7307485e8304,GA-BAND-2,D,2026-08-09T11:57:36.870Z
253b735c-898d-41ba-acf8-7307485e8304,GA-BAND-3,D,2026-08-09T11:57:36.870Z
253b735c-898d-41ba-acf8-7307485e8304,GA-ARAC,D,2026-08-09T11:57:36.870Z
253b735c-898d-41ba-acf8-7307485e8304,GA-POTA,D,2026-08-09T11:57:36.870Z
253b735c-898d-41ba-acf8-7307485e8304,GA-AREDN,C,2026-08-09T11:57:36.870Z
253b735c-898d-41ba-acf8-7307485e8304,GA-LORA,D,2026-08-09T11:57:36.870Z
253b735c-898d-41ba-acf8-7307485e8304,GA-4,D,2026-08-09T11:57:36.870Z
253b735c-898d-41ba-acf8-7307485e8304,GA-6,D,2026-08-09T11:57:36.870Z
253b735c-898d-41ba-acf8-7307485e8304,GA-SK,A,2026-08-09T11:57:36.870Z
253b735c-898d-41ba-acf8-7307485e8304,GA-CALL,D,2026-08-09T11:57:36.870Z
253b735c-898d-41ba-acf8-7307485e8304,GA-CIHAZ,D,2026-08-09T11:57:36.870Z
253b735c-898d-41ba-acf8-7307485e8304,GA-EMCOMM,D,2026-08-09T11:57:36.870Z
46ef6613-e0ea-4392-9d98-3f5f4531fb0a,GA-1,D,2026-08-09T11:59:00.068Z
46ef6613-e0ea-4392-9d98-3f5f4531fb0a,GA-3,C,2026-08-09T11:59:00.068Z
46ef6613-e0ea-4392-9d98-3f5f4531fb0a,GA-RX,B,2026-08-09T11:59:00.068Z
46ef6613-e0ea-4392-9d98-3f5f4531fb0a,GA-RX/Kanal,D,2026-08-09T11:59:00.068Z
46ef6613-e0ea-4392-9d98-3f5f4531fb0a,GA-NODE,B,2026-08-09T11:59:00.068Z
46ef6613-e0ea-4392-9d98-3f5f4531fb0a,GA-CROSS,C,2026-08-09T11:59:00.068Z
46ef6613-e0ea-4392-9d98-3f5f4531fb0a,GA-POC,C,2026-08-09T11:59:00.068Z
46ef6613-e0ea-4392-9d98-3f5f4531fb0a,GA-DIG,B,2026-08-09T11:59:00.068Z
46ef6613-e0ea-4392-9d98-3f5f4531fb0a,GA-6,D,2026-08-09T11:59:00.068Z
46ef6613-e0ea-4392-9d98-3f5f4531fb0a,GA-ENFORC,D,2026-08-09T11:59:00.068Z
46ef6613-e0ea-4392-9d98-3f5f4531fb0a,GA-BAND-1,D,2026-08-09T11:59:00.068Z
46ef6613-e0ea-4392-9d98-3f5f4531fb0a,GA-BAND-2,D,2026-08-09T11:59:00.068Z
46ef6613-e0ea-4392-9d98-3f5f4531fb0a,GA-BAND-3,A,2026-08-09T11:59:00.068Z
46ef6613-e0ea-4392-9d98-3f5f4531fb0a,GA-ARAC,D,2026-08-09T11:59:00.068Z
46ef6613-e0ea-4392-9d98-3f5f4531fb0a,GA-POTA,D,2026-08-09T11:59:00.068Z
46ef6613-e0ea-4392-9d98-3f5f4531fb0a,GA-AREDN,A,2026-08-09T11:59:00.068Z
46ef6613-e0ea-4392-9d98-3f5f4531fb0a,GA-LORA,A,2026-08-09T11:59:00.068Z
46ef6613-e0ea-4392-9d98-3f5f4531fb0a,GA-4,D,2026-08-09T11:59:00.068Z
46ef6613-e0ea-4392-9d98-3f5f4531fb0a,GA-SK,D,2026-08-09T11:59:00.068Z
46ef6613-e0ea-4392-9d98-3f5f4531fb0a,GA-CALL,D,2026-08-09T11:59:00.068Z
46ef6613-e0ea-4392-9d98-3f5f4531fb0a,GA-CIHAZ,A,2026-08-09T11:59:00.068Z
46ef6613-e0ea-4392-9d98-3f5f4531fb0a,GA-EMCOMM,C,2026-08-09T11:59:00.068Z
46ef6613-e0ea-4392-9d98-3f5f4531fb0a,GA-EMCOMM,D,2026-08-09T11:59:00.068Z
d28c42b6-63c3-4baa-bd93-1e8b29ab721a,GA-1,A,2026-08-09T12:41:01.780Z
d28c42b6-63c3-4baa-bd93-1e8b29ab721a,GA-3,A,2026-08-09T12:41:01.780Z
d28c42b6-63c3-4baa-bd93-1e8b29ab721a,GA-RX,A,2026-08-09T12:41:01.780Z
d28c42b6-63c3-4baa-bd93-1e8b29ab721a,GA-RX/Kanal,A,2026-08-09T12:41:01.780Z
d28c42b6-63c3-4baa-bd93-1e8b29ab721a,GA-NODE,E,2026-08-09T12:41:01.780Z
d28c42b6-63c3-4baa-bd93-1e8b29ab721a,GA-CROSS,A,2026-08-09T12:41:01.780Z
d28c42b6-63c3-4baa-bd93-1e8b29ab721a,GA-POC,A,2026-08-09T12:41:01.780Z
d28c42b6-63c3-4baa-bd93-1e8b29ab721a,GA-DIG,A,2026-08-09T12:41:01.780Z
d28c42b6-63c3-4baa-bd93-1e8b29ab721a,GA-ENFORC,B,2026-08-09T12:41:01.780Z
d28c42b6-63c3-4baa-bd93-1e8b29ab721a,GA-BAND-1,C,2026-08-09T12:41:01.780Z
d28c42b6-63c3-4baa-bd93-1e8b29ab721a,GA-BAND-2,D,2026-08-09T12:41:01.780Z
d28c42b6-63c3-4baa-bd93-1e8b29ab721a,GA-BAND-3,D,2026-08-09T12:41:01.780Z
d28c42b6-63c3-4baa-bd93-1e8b29ab721a,GA-ARAC,D,2026-08-09T12:41:01.780Z
d28c42b6-63c3-4baa-bd93-1e8b29ab721a,GA-POTA,B,2026-08-09T12:41:01.780Z
d28c42b6-63c3-4baa-bd93-1e8b29ab721a,GA-AREDN,A,2026-08-09T12:41:01.780Z
d28c42b6-63c3-4baa-bd93-1e8b29ab721a,GA-LORA,D,2026-08-09T12:41:01.780Z
d28c42b6-63c3-4baa-bd93-1e8b29ab721a,GA-4,E,2026-08-09T12:41:01.780Z
d28c42b6-63c3-4baa-bd93-1e8b29ab721a,GA-6,A,2026-08-09T12:41:01.780Z
d28c42b6-63c3-4baa-bd93-1e8b29ab721a,GA-SK,A,2026-08-09T12:41:01.780Z
d28c42b6-63c3-4baa-bd93-1e8b29ab721a,GA-CALL,D,2026-08-09T12:41:01.780Z
d28c42b6-63c3-4baa-bd93-1e8b29ab721a,GA-CIHAZ,A,2026-08-09T12:41:01.780Z
d28c42b6-63c3-4baa-bd93-1e8b29ab721a,GA-EMCOMM,C,2026-08-09T12:41:01.780Z
ffa7af7c-77ac-4415-98bd-b88438cb6e0e,GA-1,C,2026-08-09T13:41:45.803Z
ffa7af7c-77ac-4415-98bd-b88438cb6e0e,GA-3,A,2026-08-09T13:41:45.803Z
ffa7af7c-77ac-4415-98bd-b88438cb6e0e,GA-RX,D,2026-08-09T13:41:45.803Z
ffa7af7c-77ac-4415-98bd-b88438cb6e0e,GA-RX/Kanal,D,2026-08-09T13:41:45.803Z
ffa7af7c-77ac-4415-98bd-b88438cb6e0e,GA-NODE,B,2026-08-09T13:41:45.803Z
ffa7af7c-77ac-4415-98bd-b88438cb6e0e,GA-CROSS,D,2026-08-09T13:41:45.803Z
ffa7af7c-77ac-4415-98bd-b88438cb6e0e,GA-POC,A,2026-08-09T13:41:45.803Z
ffa7af7c-77ac-4415-98bd-b88438cb6e0e,GA-DIG,C,2026-08-09T13:41:45.803Z
ffa7af7c-77ac-4415-98bd-b88438cb6e0e,GA-ENFORC,D,2026-08-09T13:41:45.803Z
ffa7af7c-77ac-4415-98bd-b88438cb6e0e,GA-BAND-1,C,2026-08-09T13:41:45.803Z
ffa7af7c-77ac-4415-98bd-b88438cb6e0e,GA-BAND-2,C,2026-08-09T13:41:45.803Z
ffa7af7c-77ac-4415-98bd-b88438cb6e0e,GA-BAND-3,D,2026-08-09T13:41:45.803Z
ffa7af7c-77ac-4415-98bd-b88438cb6e0e,GA-ARAC,C,2026-08-09T13:41:45.803Z
ffa7af7c-77ac-4415-98bd-b88438cb6e0e,GA-POTA,C,2026-08-09T13:41:45.803Z
ffa7af7c-77ac-4415-98bd-b88438cb6e0e,GA-AREDN,C,2026-08-09T13:41:45.803Z
ffa7af7c-77ac-4415-98bd-b88438cb6e0e,GA-LORA,C,2026-08-09T13:41:45.803Z
ffa7af7c-77ac-4415-98bd-b88438cb6e0e,GA-4,C,2026-08-09T13:41:45.803Z
ffa7af7c-77ac-4415-98bd-b88438cb6e0e,GA-6,D,2026-08-09T13:41:45.803Z
ffa7af7c-77ac-4415-98bd-b88438cb6e0e,GA-SK,A,2026-08-09T13:41:45.803Z
ffa7af7c-77ac-4415-98bd-b88438cb6e0e,GA-CALL,D,2026-08-09T13:41:45.803Z
ffa7af7c-77ac-4415-98bd-b88438cb6e0e,GA-CIHAZ,C,2026-08-09T13:41:45.803Z
ffa7af7c-77ac-4415-98bd-b88438cb6e0e,GA-EMCOMM,D,2026-08-09T13:41:45.803Z
7ba7e367-c5bd-449d-b0cd-827359b17dd1,GA-1,C,2026-08-09T13:42:23.057Z
7ba7e367-c5bd-449d-b0cd-827359b17dd1,GA-3,A,2026-08-09T13:42:23.057Z
7ba7e367-c5bd-449d-b0cd-827359b17dd1,GA-RX,D,2026-08-09T13:42:23.057Z
7ba7e367-c5bd-449d-b0cd-827359b17dd1,GA-RX/Kanal,D,2026-08-09T13:42:23.057Z
7ba7e367-c5bd-449d-b0cd-827359b17dd1,GA-NODE,B,2026-08-09T13:42:23.057Z
7ba7e367-c5bd-449d-b0cd-827359b17dd1,GA-CROSS,D,2026-08-09T13:42:23.057Z
7ba7e367-c5bd-449d-b0cd-827359b17dd1,GA-POC,A,2026-08-09T13:42:23.057Z
7ba7e367-c5bd-449d-b0cd-827359b17dd1,GA-DIG,C,2026-08-09T13:42:23.057Z
7ba7e367-c5bd-449d-b0cd-827359b17dd1,GA-ENFORC,D,2026-08-09T13:42:23.057Z
7ba7e367-c5bd-449d-b0cd-827359b17dd1,GA-BAND-1,C,2026-08-09T13:42:23.057Z
7ba7e367-c5bd-449d-b0cd-827359b17dd1,GA-BAND-2,C,2026-08-09T13:42:23.057Z
7ba7e367-c5bd-449d-b0cd-827359b17dd1,GA-BAND-3,D,2026-08-09T13:42:23.057Z
7ba7e367-c5bd-449d-b0cd-827359b17dd1,GA-ARAC,C,2026-08-09T13:42:23.057Z
7ba7e367-c5bd-449d-b0cd-827359b17dd1,GA-POTA,C,2026-08-09T13:42:23.057Z
7ba7e367-c5bd-449d-b0cd-827359b17dd1,GA-AREDN,C,2026-08-09T13:42:23.057Z
7ba7e367-c5bd-449d-b0cd-827359b17dd1,GA-LORA,C,2026-08-09T13:42:23.057Z
7ba7e367-c5bd-449d-b0cd-827359b17dd1,GA-4,C,2026-08-09T13:42:23.057Z
7ba7e367-c5bd-449d-b0cd-827359b17dd1,GA-6,D,2026-08-09T13:42:23.057Z
7ba7e367-c5bd-449d-b0cd-827359b17dd1,GA-SK,A,2026-08-09T13:42:23.057Z
7ba7e367-c5bd-449d-b0cd-827359b17dd1,GA-CALL,D,2026-08-09T13:42:23.057Z
7ba7e367-c5bd-449d-b0cd-827359b17dd1,GA-CIHAZ,C,2026-08-09T13:42:23.057Z
7ba7e367-c5bd-449d-b0cd-827359b17dd1,GA-EMCOMM,D,2026-08-09T13:42:23.057Z
69366852-5050-49bc-9bad-5765e6a2e0ee,GA-1,D,2026-08-09T14:12:06.291Z
69366852-5050-49bc-9bad-5765e6a2e0ee,GA-3,A,2026-08-09T14:12:06.291Z
69366852-5050-49bc-9bad-5765e6a2e0ee,GA-RX,D,2026-08-09T14:12:06.291Z
69366852-5050-49bc-9bad-5765e6a2e0ee,GA-NODE,D,2026-08-09T14:12:06.291Z
69366852-5050-49bc-9bad-5765e6a2e0ee,GA-CROSS,D,2026-08-09T14:12:06.291Z
69366852-5050-49bc-9bad-5765e6a2e0ee,GA-POC,B,2026-08-09T14:12:06.291Z
69366852-5050-49bc-9bad-5765e6a2e0ee,GA-DIG,D,2026-08-09T14:12:06.291Z
69366852-5050-49bc-9bad-5765e6a2e0ee,GA-ENFORC,D,2026-08-09T14:12:06.291Z
69366852-5050-49bc-9bad-5765e6a2e0ee,GA-BAND-1,C,2026-08-09T14:12:06.291Z
69366852-5050-49bc-9bad-5765e6a2e0ee,GA-BAND-2,C,2026-08-09T14:12:06.291Z
69366852-5050-49bc-9bad-5765e6a2e0ee,GA-BAND-3,D,2026-08-09T14:12:06.291Z
69366852-5050-49bc-9bad-5765e6a2e0ee,GA-ARAC,D,2026-08-09T14:12:06.291Z
69366852-5050-49bc-9bad-5765e6a2e0ee,GA-POTA,D,2026-08-09T14:12:06.291Z
69366852-5050-49bc-9bad-5765e6a2e0ee,GA-AREDN,A,2026-08-09T14:12:06.291Z
69366852-5050-49bc-9bad-5765e6a2e0ee,GA-LORA,D,2026-08-09T14:12:06.291Z
69366852-5050-49bc-9bad-5765e6a2e0ee,GA-4,D,2026-08-09T14:12:06.291Z
69366852-5050-49bc-9bad-5765e6a2e0ee,GA-6,D,2026-08-09T14:12:06.291Z
69366852-5050-49bc-9bad-5765e6a2e0ee,GA-SK,D,2026-08-09T14:12:06.291Z
69366852-5050-49bc-9bad-5765e6a2e0ee,GA-CALL,D,2026-08-09T14:12:06.291Z
69366852-5050-49bc-9bad-5765e6a2e0ee,GA-CIHAZ,D,2026-08-09T14:12:06.291Z
69366852-5050-49bc-9bad-5765e6a2e0ee,GA-EMCOMM,D,2026-08-09T14:12:06.291Z
5f896071-c66d-4833-bf82-f0857d63510b,GA-1,D,2026-08-09T14:13:35.457Z
5f896071-c66d-4833-bf82-f0857d63510b,GA-3,A,2026-08-09T14:13:35.457Z
5f896071-c66d-4833-bf82-f0857d63510b,GA-RX,D,2026-08-09T14:13:35.457Z
5f896071-c66d-4833-bf82-f0857d63510b,GA-RX/Kanal,D,2026-08-09T14:13:35.457Z
5f896071-c66d-4833-bf82-f0857d63510b,GA-DIG,D,2026-08-09T14:13:35.457Z
5f896071-c66d-4833-bf82-f0857d63510b,GA-NODE,D,2026-08-09T14:13:35.457Z
5f896071-c66d-4833-bf82-f0857d63510b,GA-CROSS,D,2026-08-09T14:13:35.457Z
5f896071-c66d-4833-bf82-f0857d63510b,GA-POC,C,2026-08-09T14:13:35.457Z
5f896071-c66d-4833-bf82-f0857d63510b,GA-BAND-1,D,2026-08-09T14:13:35.457Z
5f896071-c66d-4833-bf82-f0857d63510b,GA-6,D,2026-08-09T14:13:35.457Z
5f896071-c66d-4833-bf82-f0857d63510b,GA-CIHAZ,E,2026-08-09T14:13:35.457Z
5f896071-c66d-4833-bf82-f0857d63510b,GA-EMCOMM,D,2026-08-09T14:13:35.457Z
5f896071-c66d-4833-bf82-f0857d63510b,GA-CALL,D,2026-08-09T14:13:35.457Z
5f896071-c66d-4833-bf82-f0857d63510b,GA-SK,A,2026-08-09T14:13:35.457Z
5f896071-c66d-4833-bf82-f0857d63510b,GA-4,A,2026-08-09T14:13:35.457Z
5f896071-c66d-4833-bf82-f0857d63510b,GA-4,E,2026-08-09T14:13:35.457Z
5f896071-c66d-4833-bf82-f0857d63510b,GA-BAND-2,D,2026-08-09T14:13:35.457Z
5f896071-c66d-4833-bf82-f0857d63510b,GA-BAND-3,C,2026-08-09T14:13:35.457Z
5f896071-c66d-4833-bf82-f0857d63510b,GA-ARAC,E,2026-08-09T14:13:35.457Z
5f896071-c66d-4833-bf82-f0857d63510b,GA-POTA,C,2026-08-09T14:13:35.457Z
5f896071-c66d-4833-bf82-f0857d63510b,GA-AREDN,C,2026-08-09T14:13:35.457Z
5f896071-c66d-4833-bf82-f0857d63510b,GA-ENFORC,E,2026-08-09T14:13:35.457Z
7384e030-86d1-4367-a0e8-d9c2d1fb781e,GA-1,D,2026-08-09T20:09:33.106Z
7384e030-86d1-4367-a0e8-d9c2d1fb781e,GA-3,B,2026-08-09T20:09:33.106Z
7384e030-86d1-4367-a0e8-d9c2d1fb781e,GA-RX,D,2026-08-09T20:09:33.106Z
7384e030-86d1-4367-a0e8-d9c2d1fb781e,GA-RX/Kanal,B,2026-08-09T20:09:33.106Z
7384e030-86d1-4367-a0e8-d9c2d1fb781e,GA-NODE,D,2026-08-09T20:09:33.106Z
7384e030-86d1-4367-a0e8-d9c2d1fb781e,GA-CROSS,D,2026-08-09T20:09:33.106Z
7384e030-86d1-4367-a0e8-d9c2d1fb781e,GA-POC,C,2026-08-09T20:09:33.106Z
7384e030-86d1-4367-a0e8-d9c2d1fb781e,GA-DIG,D,2026-08-09T20:09:33.106Z
7384e030-86d1-4367-a0e8-d9c2d1fb781e,GA-ENFORC,D,2026-08-09T20:09:33.106Z
7384e030-86d1-4367-a0e8-d9c2d1fb781e,GA-BAND-1,D,2026-08-09T20:09:33.106Z
7384e030-86d1-4367-a0e8-d9c2d1fb781e,GA-BAND-2,D,2026-08-09T20:09:33.106Z
7384e030-86d1-4367-a0e8-d9c2d1fb781e,GA-BAND-3,D,2026-08-09T20:09:33.106Z
7384e030-86d1-4367-a0e8-d9c2d1fb781e,GA-ARAC,D,2026-08-09T20:09:33.106Z
7384e030-86d1-4367-a0e8-d9c2d1fb781e,GA-POTA,D,2026-08-09T20:09:33.106Z
7384e030-86d1-4367-a0e8-d9c2d1fb781e,GA-AREDN,C,2026-08-09T20:09:33.106Z
7384e030-86d1-4367-a0e8-d9c2d1fb781e,GA-LORA,D,2026-08-09T20:09:33.106Z
7384e030-86d1-4367-a0e8-d9c2d1fb781e,GA-4,D,2026-08-09T20:09:33.106Z
7384e030-86d1-4367-a0e8-d9c2d1fb781e,GA-6,D,2026-08-09T20:09:33.106Z
7384e030-86d1-4367-a0e8-d9c2d1fb781e,GA-SK,A,2026-08-09T20:09:33.106Z
7384e030-86d1-4367-a0e8-d9c2d1fb781e,GA-CALL,D,2026-08-09T20:09:33.106Z
7384e030-86d1-4367-a0e8-d9c2d1fb781e,GA-CIHAZ,D,2026-08-09T20:09:33.106Z
7384e030-86d1-4367-a0e8-d9c2d1fb781e,GA-EMCOMM,D,2026-08-09T20:09:33.106Z
8e19fa05-8b8a-4e09-a40f-ea412e33bc27,GA-1,D,2026-08-10T04:39:36.789Z
8e19fa05-8b8a-4e09-a40f-ea412e33bc27,GA-3,A,2026-08-10T04:39:36.789Z
8e19fa05-8b8a-4e09-a40f-ea412e33bc27,GA-RX,D,2026-08-10T04:39:36.789Z
8e19fa05-8b8a-4e09-a40f-ea412e33bc27,GA-RX/Kanal,D,2026-08-10T04:39:36.789Z
8e19fa05-8b8a-4e09-a40f-ea412e33bc27,GA-NODE,D,2026-08-10T04:39:36.789Z
8e19fa05-8b8a-4e09-a40f-ea412e33bc27,GA-CROSS,D,2026-08-10T04:39:36.789Z
8e19fa05-8b8a-4e09-a40f-ea412e33bc27,GA-POC,C,2026-08-10T04:39:36.789Z
8e19fa05-8b8a-4e09-a40f-ea412e33bc27,GA-DIG,D,2026-08-10T04:39:36.789Z
8e19fa05-8b8a-4e09-a40f-ea412e33bc27,GA-ENFORC,D,2026-08-10T04:39:36.789Z
8e19fa05-8b8a-4e09-a40f-ea412e33bc27,GA-BAND-1,D,2026-08-10T04:39:36.789Z
8e19fa05-8b8a-4e09-a40f-ea412e33bc27,GA-BAND-2,D,2026-08-10T04:39:36.789Z
8e19fa05-8b8a-4e09-a40f-ea412e33bc27,GA-BAND-3,D,2026-08-10T04:39:36.789Z
8e19fa05-8b8a-4e09-a40f-ea412e33bc27,GA-ARAC,D,2026-08-10T04:39:36.789Z
8e19fa05-8b8a-4e09-a40f-ea412e33bc27,GA-POTA,D,2026-08-10T04:39:36.789Z
8e19fa05-8b8a-4e09-a40f-ea412e33bc27,GA-AREDN,C,2026-08-10T04:39:36.789Z
8e19fa05-8b8a-4e09-a40f-ea412e33bc27,GA-LORA,D,2026-08-10T04:39:36.789Z
8e19fa05-8b8a-4e09-a40f-ea412e33bc27,GA-4,D,2026-08-10T04:39:36.789Z
8e19fa05-8b8a-4e09-a40f-ea412e33bc27,GA-6,D,2026-08-10T04:39:36.789Z
8e19fa05-8b8a-4e09-a40f-ea412e33bc27,GA-SK,D,2026-08-10T04:39:36.789Z
8e19fa05-8b8a-4e09-a40f-ea412e33bc27,GA-CALL,D,2026-08-10T04:39:36.789Z
8e19fa05-8b8a-4e09-a40f-ea412e33bc27,GA-CIHAZ,C,2026-08-10T04:39:36.789Z
8e19fa05-8b8a-4e09-a40f-ea412e33bc27,GA-EMCOMM,D,2026-08-10T04:39:36.789Z
cbedd0c9-1968-4124-bdbc-5acb445565b6,GA-1,D,2026-08-11T19:30:14.394Z
cbedd0c9-1968-4124-bdbc-5acb445565b6,GA-3,A,2026-08-11T19:30:14.394Z
cbedd0c9-1968-4124-bdbc-5acb445565b6,GA-RX,D,2026-08-11T19:30:14.394Z
cbedd0c9-1968-4124-bdbc-5acb445565b6,GA-RX/Kanal,A,2026-08-11T19:30:14.394Z
cbedd0c9-1968-4124-bdbc-5acb445565b6,GA-NODE,D,2026-08-11T19:30:14.394Z
cbedd0c9-1968-4124-bdbc-5acb445565b6,GA-CROSS,C,2026-08-11T19:30:14.394Z
cbedd0c9-1968-4124-bdbc-5acb445565b6,GA-POC,C,2026-08-11T19:30:14.394Z
cbedd0c9-1968-4124-bdbc-5acb445565b6,GA-DIG,D,2026-08-11T19:30:14.394Z
cbedd0c9-1968-4124-bdbc-5acb445565b6,GA-ENFORC,D,2026-08-11T19:30:14.394Z
cbedd0c9-1968-4124-bdbc-5acb445565b6,GA-BAND-1,C,2026-08-11T19:30:14.394Z
cbedd0c9-1968-4124-bdbc-5acb445565b6,GA-BAND-2,D,2026-08-11T19:30:14.394Z
cbedd0c9-1968-4124-bdbc-5acb445565b6,GA-BAND-3,D,2026-08-11T19:30:14.394Z
cbedd0c9-1968-4124-bdbc-5acb445565b6,GA-ARAC,D,2026-08-11T19:30:14.394Z
cbedd0c9-1968-4124-bdbc-5acb445565b6,GA-POTA,D,2026-08-11T19:30:14.394Z
cbedd0c9-1968-4124-bdbc-5acb445565b6,GA-AREDN,C,2026-08-11T19:30:14.394Z
cbedd0c9-1968-4124-bdbc-5acb445565b6,GA-LORA,D,2026-08-11T19:30:14.394Z
cbedd0c9-1968-4124-bdbc-5acb445565b6,GA-4,D,2026-08-11T19:30:14.394Z
cbedd0c9-1968-4124-bdbc-5acb445565b6,GA-6,D,2026-08-11T19:30:14.394Z
cbedd0c9-1968-4124-bdbc-5acb445565b6,GA-SK,A,2026-08-11T19:30:14.394Z
cbedd0c9-1968-4124-bdbc-5acb445565b6,GA-CALL,D,2026-08-11T19:30:14.394Z
cbedd0c9-1968-4124-bdbc-5acb445565b6,GA-CIHAZ,D,2026-08-11T19:30:14.394Z
cbedd0c9-1968-4124-bdbc-5acb445565b6,GA-EMCOMM,D,2026-08-11T19:30:14.394Z
ec72c0c6-7de5-41c4-935f-81edfa9d8b7f,GA-1,B,2026-08-12T07:11:20.706Z
ec72c0c6-7de5-41c4-935f-81edfa9d8b7f,GA-1,C,2026-08-12T07:11:20.706Z
ec72c0c6-7de5-41c4-935f-81edfa9d8b7f,GA-1,D,2026-08-12T07:11:20.706Z
ec72c0c6-7de5-41c4-935f-81edfa9d8b7f,GA-1,E,2026-08-12T07:11:20.706Z
1fdb0f7e-503d-47e6-ac40-1a69ef76f86b,GA-1,D,2026-08-12T08:45:47.122Z
1fdb0f7e-503d-47e6-ac40-1a69ef76f86b,GA-3,A,2026-08-12T08:45:47.122Z
1fdb0f7e-503d-47e6-ac40-1a69ef76f86b,GA-RX/Kanal,E,2026-08-12T08:45:47.122Z
1fdb0f7e-503d-47e6-ac40-1a69ef76f86b,GA-RX/Kanal,D,2026-08-12T08:45:47.122Z
1fdb0f7e-503d-47e6-ac40-1a69ef76f86b,GA-RX,E,2026-08-12T08:45:47.122Z
1fdb0f7e-503d-47e6-ac40-1a69ef76f86b,GA-NODE,B,2026-08-12T08:45:47.122Z
1fdb0f7e-503d-47e6-ac40-1a69ef76f86b,GA-NODE,D,2026-08-12T08:45:47.122Z
1fdb0f7e-503d-47e6-ac40-1a69ef76f86b,GA-CROSS,D,2026-08-12T08:45:47.122Z
1fdb0f7e-503d-47e6-ac40-1a69ef76f86b,GA-POC,C,2026-08-12T08:45:47.122Z
1fdb0f7e-503d-47e6-ac40-1a69ef76f86b,GA-POC,E,2026-08-12T08:45:47.122Z
1fdb0f7e-503d-47e6-ac40-1a69ef76f86b,GA-DIG,C,2026-08-12T08:45:47.122Z
1fdb0f7e-503d-47e6-ac40-1a69ef76f86b,GA-DIG,D,2026-08-12T08:45:47.122Z
1fdb0f7e-503d-47e6-ac40-1a69ef76f86b,GA-ENFORC,D,2026-08-12T08:45:47.122Z
1fdb0f7e-503d-47e6-ac40-1a69ef76f86b,GA-ENFORC,E,2026-08-12T08:45:47.122Z
1fdb0f7e-503d-47e6-ac40-1a69ef76f86b,GA-BAND-1,C,2026-08-12T08:45:47.122Z
1fdb0f7e-503d-47e6-ac40-1a69ef76f86b,GA-BAND-1,D,2026-08-12T08:45:47.122Z
1fdb0f7e-503d-47e6-ac40-1a69ef76f86b,GA-BAND-2,C,2026-08-12T08:45:47.122Z
1fdb0f7e-503d-47e6-ac40-1a69ef76f86b,GA-BAND-2,D,2026-08-12T08:45:47.122Z
1fdb0f7e-503d-47e6-ac40-1a69ef76f86b,GA-BAND-3,B,2026-08-12T08:45:47.122Z
1fdb0f7e-503d-47e6-ac40-1a69ef76f86b,GA-BAND-3,A,2026-08-12T08:45:47.122Z
1fdb0f7e-503d-47e6-ac40-1a69ef76f86b,GA-ARAC,D,2026-08-12T08:45:47.122Z
1fdb0f7e-503d-47e6-ac40-1a69ef76f86b,GA-ARAC,E,2026-08-12T08:45:47.122Z
1fdb0f7e-503d-47e6-ac40-1a69ef76f86b,GA-POTA,C,2026-08-12T08:45:47.122Z
1fdb0f7e-503d-47e6-ac40-1a69ef76f86b,GA-POTA,D,2026-08-12T08:45:47.122Z
1fdb0f7e-503d-47e6-ac40-1a69ef76f86b,GA-POTA,E,2026-08-12T08:45:47.122Z
1fdb0f7e-503d-47e6-ac40-1a69ef76f86b,GA-AREDN,C,2026-08-12T08:45:47.122Z
1fdb0f7e-503d-47e6-ac40-1a69ef76f86b,GA-AREDN,D,2026-08-12T08:45:47.122Z
1fdb0f7e-503d-47e6-ac40-1a69ef76f86b,GA-LORA,E,2026-08-12T08:45:47.122Z
1fdb0f7e-503d-47e6-ac40-1a69ef76f86b,GA-4,D,2026-08-12T08:45:47.122Z
1fdb0f7e-503d-47e6-ac40-1a69ef76f86b,GA-6,C,2026-08-12T08:45:47.122Z
1fdb0f7e-503d-47e6-ac40-1a69ef76f86b,GA-6,D,2026-08-12T08:45:47.122Z
1fdb0f7e-503d-47e6-ac40-1a69ef76f86b,GA-SK,A,2026-08-12T08:45:47.122Z
1fdb0f7e-503d-47e6-ac40-1a69ef76f86b,GA-SK,D,2026-08-12T08:45:47.122Z
1fdb0f7e-503d-47e6-ac40-1a69ef76f86b,GA-CALL,D,2026-08-12T08:45:47.122Z
1fdb0f7e-503d-47e6-ac40-1a69ef76f86b,GA-CIHAZ,D,2026-08-12T08:45:47.122Z
1fdb0f7e-503d-47e6-ac40-1a69ef76f86b,GA-CIHAZ,E,2026-08-12T08:45:47.122Z
1fdb0f7e-503d-47e6-ac40-1a69ef76f86b,GA-EMCOMM,E,2026-08-12T08:45:47.122Z
1fdb0f7e-503d-47e6-ac40-1a69ef76f86b,GA-EMCOMM,D,2026-08-12T08:45:47.122Z
ce233fe5-8a10-4f98-afd4-00e0261841a4,GA-1,D,2026-08-12T12:10:46.465Z
ce233fe5-8a10-4f98-afd4-00e0261841a4,GA-3,A,2026-08-12T12:10:46.465Z
ce233fe5-8a10-4f98-afd4-00e0261841a4,GA-RX,D,2026-08-12T12:10:46.465Z
ce233fe5-8a10-4f98-afd4-00e0261841a4,GA-RX/Kanal,C,2026-08-12T12:10:46.465Z
ce233fe5-8a10-4f98-afd4-00e0261841a4,GA-NODE,B,2026-08-12T12:10:46.465Z
ce233fe5-8a10-4f98-afd4-00e0261841a4,GA-NODE,D,2026-08-12T12:10:46.465Z
ce233fe5-8a10-4f98-afd4-00e0261841a4,GA-CROSS,B,2026-08-12T12:10:46.465Z
ce233fe5-8a10-4f98-afd4-00e0261841a4,GA-CROSS,D,2026-08-12T12:10:46.465Z
ce233fe5-8a10-4f98-afd4-00e0261841a4,GA-POC,C,2026-08-12T12:10:46.465Z
ce233fe5-8a10-4f98-afd4-00e0261841a4,GA-DIG,D,2026-08-12T12:10:46.465Z
ce233fe5-8a10-4f98-afd4-00e0261841a4,GA-ENFORC,C,2026-08-12T12:10:46.465Z
ce233fe5-8a10-4f98-afd4-00e0261841a4,GA-ENFORC,D,2026-08-12T12:10:46.465Z
ce233fe5-8a10-4f98-afd4-00e0261841a4,GA-BAND-1,B,2026-08-12T12:10:46.465Z
ce233fe5-8a10-4f98-afd4-00e0261841a4,GA-BAND-1,C,2026-08-12T12:10:46.465Z
ce233fe5-8a10-4f98-afd4-00e0261841a4,GA-BAND-1,D,2026-08-12T12:10:46.465Z
ce233fe5-8a10-4f98-afd4-00e0261841a4,GA-BAND-2,C,2026-08-12T12:10:46.465Z
ce233fe5-8a10-4f98-afd4-00e0261841a4,GA-BAND-2,D,2026-08-12T12:10:46.465Z
ce233fe5-8a10-4f98-afd4-00e0261841a4,GA-BAND-3,B,2026-08-12T12:10:46.465Z
ce233fe5-8a10-4f98-afd4-00e0261841a4,GA-BAND-3,D,2026-08-12T12:10:46.465Z
ce233fe5-8a10-4f98-afd4-00e0261841a4,GA-BAND-3,C,2026-08-12T12:10:46.465Z
ce233fe5-8a10-4f98-afd4-00e0261841a4,GA-ARAC,C,2026-08-12T12:10:46.465Z
ce233fe5-8a10-4f98-afd4-00e0261841a4,GA-ARAC,D,2026-08-12T12:10:46.465Z
ce233fe5-8a10-4f98-afd4-00e0261841a4,GA-POTA,D,2026-08-12T12:10:46.465Z
ce233fe5-8a10-4f98-afd4-00e0261841a4,GA-POTA,C,2026-08-12T12:10:46.465Z
ce233fe5-8a10-4f98-afd4-00e0261841a4,GA-AREDN,B,2026-08-12T12:10:46.465Z
ce233fe5-8a10-4f98-afd4-00e0261841a4,GA-AREDN,C,2026-08-12T12:10:46.465Z
ce233fe5-8a10-4f98-afd4-00e0261841a4,GA-AREDN,D,2026-08-12T12:10:46.465Z
ce233fe5-8a10-4f98-afd4-00e0261841a4,GA-AREDN,A,2026-08-12T12:10:46.465Z
ce233fe5-8a10-4f98-afd4-00e0261841a4,GA-LORA,C,2026-08-12T12:10:46.465Z
ce233fe5-8a10-4f98-afd4-00e0261841a4,GA-LORA,D,2026-08-12T12:10:46.465Z
ce233fe5-8a10-4f98-afd4-00e0261841a4,GA-4,D,2026-08-12T12:10:46.465Z
ce233fe5-8a10-4f98-afd4-00e0261841a4,GA-6,C,2026-08-12T12:10:46.465Z
ce233fe5-8a10-4f98-afd4-00e0261841a4,GA-6,D,2026-08-12T12:10:46.465Z
ce233fe5-8a10-4f98-afd4-00e0261841a4,GA-SK,D,2026-08-12T12:10:46.465Z
ce233fe5-8a10-4f98-afd4-00e0261841a4,GA-CALL,D,2026-08-12T12:10:46.465Z
ce233fe5-8a10-4f98-afd4-00e0261841a4,GA-CIHAZ,D,2026-08-12T12:10:46.465Z
ce233fe5-8a10-4f98-afd4-00e0261841a4,GA-EMCOMM,D,2026-08-12T12:10:46.465Z
ce233fe5-8a10-4f98-afd4-00e0261841a4,GA-EMCOMM,C,2026-08-12T12:10:46.465Z
7c23203f-91d2-4243-9b6b-e40b372f1bd7,GA-1,D,2026-08-12T12:53:28.270Z
7c23203f-91d2-4243-9b6b-e40b372f1bd7,GA-RX,C,2026-08-12T12:53:28.270Z
7c23203f-91d2-4243-9b6b-e40b372f1bd7,GA-RX,D,2026-08-12T12:53:28.270Z
7c23203f-91d2-4243-9b6b-e40b372f1bd7,GA-RX/Kanal,D,2026-08-12T12:53:28.270Z
7c23203f-91d2-4243-9b6b-e40b372f1bd7,GA-NODE,D,2026-08-12T12:53:28.270Z
7c23203f-91d2-4243-9b6b-e40b372f1bd7,GA-POC,C,2026-08-12T12:53:28.270Z
7c23203f-91d2-4243-9b6b-e40b372f1bd7,GA-POC,B,2026-08-12T12:53:28.270Z
7c23203f-91d2-4243-9b6b-e40b372f1bd7,GA-DIG,D,2026-08-12T12:53:28.270Z
7c23203f-91d2-4243-9b6b-e40b372f1bd7,GA-ENFORC,D,2026-08-12T12:53:28.270Z
7c23203f-91d2-4243-9b6b-e40b372f1bd7,GA-BAND-1,D,2026-08-12T12:53:28.270Z
7c23203f-91d2-4243-9b6b-e40b372f1bd7,GA-BAND-1,C,2026-08-12T12:53:28.270Z
7c23203f-91d2-4243-9b6b-e40b372f1bd7,GA-BAND-2,C,2026-08-12T12:53:28.270Z
7c23203f-91d2-4243-9b6b-e40b372f1bd7,GA-BAND-3,C,2026-08-12T12:53:28.270Z
7c23203f-91d2-4243-9b6b-e40b372f1bd7,GA-BAND-3,D,2026-08-12T12:53:28.270Z
7c23203f-91d2-4243-9b6b-e40b372f1bd7,GA-ARAC,D,2026-08-12T12:53:28.270Z
7c23203f-91d2-4243-9b6b-e40b372f1bd7,GA-ARAC,C,2026-08-12T12:53:28.270Z
7c23203f-91d2-4243-9b6b-e40b372f1bd7,GA-POTA,D,2026-08-12T12:53:28.270Z
7c23203f-91d2-4243-9b6b-e40b372f1bd7,GA-POTA,C,2026-08-12T12:53:28.270Z
7c23203f-91d2-4243-9b6b-e40b372f1bd7,GA-AREDN,C,2026-08-12T12:53:28.270Z
7c23203f-91d2-4243-9b6b-e40b372f1bd7,GA-LORA,D,2026-08-12T12:53:28.270Z
7c23203f-91d2-4243-9b6b-e40b372f1bd7,GA-LORA,C,2026-08-12T12:53:28.270Z
7c23203f-91d2-4243-9b6b-e40b372f1bd7,GA-4,D,2026-08-12T12:53:28.270Z
7c23203f-91d2-4243-9b6b-e40b372f1bd7,GA-4,C,2026-08-12T12:53:28.270Z
7c23203f-91d2-4243-9b6b-e40b372f1bd7,GA-6,D,2026-08-12T12:53:28.270Z
7c23203f-91d2-4243-9b6b-e40b372f1bd7,GA-SK,D,2026-08-12T12:53:28.270Z
7c23203f-91d2-4243-9b6b-e40b372f1bd7,GA-CALL,D,2026-08-12T12:53:28.270Z
7c23203f-91d2-4243-9b6b-e40b372f1bd7,GA-CIHAZ,D,2026-08-12T12:53:28.270Z
7c23203f-91d2-4243-9b6b-e40b372f1bd7,GA-EMCOMM,D,2026-08-12T12:53:28.270Z
9570e0cc-4e9f-41ea-aad4-a5bdc728e9e0,GA-1,D,2026-08-12T18:15:18.794Z
9570e0cc-4e9f-41ea-aad4-a5bdc728e9e0,GA-3,A,2026-08-12T18:15:18.794Z
9570e0cc-4e9f-41ea-aad4-a5bdc728e9e0,GA-RX,D,2026-08-12T18:15:18.794Z
9570e0cc-4e9f-41ea-aad4-a5bdc728e9e0,GA-RX/Kanal,D,2026-08-12T18:15:18.794Z
9570e0cc-4e9f-41ea-aad4-a5bdc728e9e0,GA-NODE,B,2026-08-12T18:15:18.794Z
9570e0cc-4e9f-41ea-aad4-a5bdc728e9e0,GA-CROSS,A,2026-08-12T18:15:18.794Z
9570e0cc-4e9f-41ea-aad4-a5bdc728e9e0,GA-POC,B,2026-08-12T18:15:18.794Z
9570e0cc-4e9f-41ea-aad4-a5bdc728e9e0,GA-DIG,D,2026-08-12T18:15:18.794Z
9570e0cc-4e9f-41ea-aad4-a5bdc728e9e0,GA-ENFORC,D,2026-08-12T18:15:18.794Z
9570e0cc-4e9f-41ea-aad4-a5bdc728e9e0,GA-BAND-1,C,2026-08-12T18:15:18.794Z
9570e0cc-4e9f-41ea-aad4-a5bdc728e9e0,GA-BAND-2,D,2026-08-12T18:15:18.794Z
9570e0cc-4e9f-41ea-aad4-a5bdc728e9e0,GA-BAND-3,D,2026-08-12T18:15:18.794Z
9570e0cc-4e9f-41ea-aad4-a5bdc728e9e0,GA-ARAC,D,2026-08-12T18:15:18.794Z
9570e0cc-4e9f-41ea-aad4-a5bdc728e9e0,GA-POTA,C,2026-08-12T18:15:18.794Z
9570e0cc-4e9f-41ea-aad4-a5bdc728e9e0,GA-AREDN,C,2026-08-12T18:15:18.794Z
9570e0cc-4e9f-41ea-aad4-a5bdc728e9e0,GA-LORA,D,2026-08-12T18:15:18.794Z
9570e0cc-4e9f-41ea-aad4-a5bdc728e9e0,GA-4,D,2026-08-12T18:15:18.794Z
9570e0cc-4e9f-41ea-aad4-a5bdc728e9e0,GA-6,D,2026-08-12T18:15:18.794Z
9570e0cc-4e9f-41ea-aad4-a5bdc728e9e0,GA-SK,C,2026-08-12T18:15:18.794Z
9570e0cc-4e9f-41ea-aad4-a5bdc728e9e0,GA-CALL,A,2026-08-12T18:15:18.794Z
9570e0cc-4e9f-41ea-aad4-a5bdc728e9e0,GA-CIHAZ,D,2026-08-12T18:15:18.794Z
9570e0cc-4e9f-41ea-aad4-a5bdc728e9e0,GA-EMCOMM,A,2026-08-12T18:15:18.794Z
0f8fc47e-c64b-4284-b546-6adc933773c9,GA-1,C,2026-08-13T02:50:28.356Z
0f8fc47e-c64b-4284-b546-6adc933773c9,GA-3,A,2026-08-13T02:50:28.356Z
0f8fc47e-c64b-4284-b546-6adc933773c9,GA-RX,A,2026-08-13T02:50:28.356Z
0f8fc47e-c64b-4284-b546-6adc933773c9,GA-RX/Kanal,A,2026-08-13T02:50:28.356Z
0f8fc47e-c64b-4284-b546-6adc933773c9,GA-NODE,A,2026-08-13T02:50:28.356Z
0f8fc47e-c64b-4284-b546-6adc933773c9,GA-CROSS,C,2026-08-13T02:50:28.356Z
0f8fc47e-c64b-4284-b546-6adc933773c9,GA-POC,A,2026-08-13T02:50:28.356Z
0f8fc47e-c64b-4284-b546-6adc933773c9,GA-DIG,C,2026-08-13T02:50:28.356Z
0f8fc47e-c64b-4284-b546-6adc933773c9,GA-ENFORC,A,2026-08-13T02:50:28.356Z
0f8fc47e-c64b-4284-b546-6adc933773c9,GA-BAND-1,C,2026-08-13T02:50:28.356Z
0f8fc47e-c64b-4284-b546-6adc933773c9,GA-BAND-2,C,2026-08-13T02:50:28.356Z
0f8fc47e-c64b-4284-b546-6adc933773c9,GA-BAND-3,A,2026-08-13T02:50:28.356Z
0f8fc47e-c64b-4284-b546-6adc933773c9,GA-ARAC,A,2026-08-13T02:50:28.356Z
0f8fc47e-c64b-4284-b546-6adc933773c9,GA-POTA,A,2026-08-13T02:50:28.356Z
0f8fc47e-c64b-4284-b546-6adc933773c9,GA-AREDN,A,2026-08-13T02:50:28.356Z
0f8fc47e-c64b-4284-b546-6adc933773c9,GA-LORA,A,2026-08-13T02:50:28.356Z
0f8fc47e-c64b-4284-b546-6adc933773c9,GA-4,D,2026-08-13T02:50:28.356Z
0f8fc47e-c64b-4284-b546-6adc933773c9,GA-6,D,2026-08-13T02:50:28.356Z
0f8fc47e-c64b-4284-b546-6adc933773c9,GA-SK,A,2026-08-13T02:50:28.356Z
0f8fc47e-c64b-4284-b546-6adc933773c9,GA-CALL,D,2026-08-13T02:50:28.356Z
0f8fc47e-c64b-4284-b546-6adc933773c9,GA-CIHAZ,A,2026-08-13T02:50:28.356Z
0f8fc47e-c64b-4284-b546-6adc933773c9,GA-EMCOMM,D,2026-08-13T02:50:28.356Z
61d239ea-08e2-48ca-a9f8-efdbad884e4e,GA-1,D,2026-08-13T07:12:43.766Z
61d239ea-08e2-48ca-a9f8-efdbad884e4e,GA-3,A,2026-08-13T07:12:43.766Z
61d239ea-08e2-48ca-a9f8-efdbad884e4e,GA-RX,D,2026-08-13T07:12:43.766Z
61d239ea-08e2-48ca-a9f8-efdbad884e4e,GA-RX/Kanal,E,2026-08-13T07:12:43.766Z
61d239ea-08e2-48ca-a9f8-efdbad884e4e,GA-NODE,E,2026-08-13T07:12:43.766Z
61d239ea-08e2-48ca-a9f8-efdbad884e4e,GA-CROSS,D,2026-08-13T07:12:43.766Z
61d239ea-08e2-48ca-a9f8-efdbad884e4e,GA-POC,C,2026-08-13T07:12:43.766Z
61d239ea-08e2-48ca-a9f8-efdbad884e4e,GA-DIG,A,2026-08-13T07:12:43.766Z
61d239ea-08e2-48ca-a9f8-efdbad884e4e,GA-ENFORC,D,2026-08-13T07:12:43.766Z
61d239ea-08e2-48ca-a9f8-efdbad884e4e,GA-BAND-1,D,2026-08-13T07:12:43.766Z
61d239ea-08e2-48ca-a9f8-efdbad884e4e,GA-BAND-2,C,2026-08-13T07:12:43.766Z
61d239ea-08e2-48ca-a9f8-efdbad884e4e,GA-ARAC,A,2026-08-13T07:12:43.766Z
61d239ea-08e2-48ca-a9f8-efdbad884e4e,GA-POTA,C,2026-08-13T07:12:43.766Z
61d239ea-08e2-48ca-a9f8-efdbad884e4e,GA-LORA,D,2026-08-13T07:12:43.766Z
61d239ea-08e2-48ca-a9f8-efdbad884e4e,GA-6,C,2026-08-13T07:12:43.766Z
61d239ea-08e2-48ca-a9f8-efdbad884e4e,GA-6,D,2026-08-13T07:12:43.766Z
61d239ea-08e2-48ca-a9f8-efdbad884e4e,GA-SK,D,2026-08-13T07:12:43.766Z
61d239ea-08e2-48ca-a9f8-efdbad884e4e,GA-CALL,A,2026-08-13T07:12:43.766Z
61d239ea-08e2-48ca-a9f8-efdbad884e4e,GA-CIHAZ,D,2026-08-13T07:12:43.766Z
61d239ea-08e2-48ca-a9f8-efdbad884e4e,GA-EMCOMM,D,2026-08-13T07:12:43.766Z
bf9c4cd6-1234-434e-9d8a-fb7717494c0f,GA-1,D,2026-08-13T07:13:43.222Z
bf9c4cd6-1234-434e-9d8a-fb7717494c0f,GA-3,A,2026-08-13T07:13:43.222Z
bf9c4cd6-1234-434e-9d8a-fb7717494c0f,GA-RX,D,2026-08-13T07:13:43.222Z
bf9c4cd6-1234-434e-9d8a-fb7717494c0f,GA-RX/Kanal,E,2026-08-13T07:13:43.222Z
bf9c4cd6-1234-434e-9d8a-fb7717494c0f,GA-NODE,E,2026-08-13T07:13:43.222Z
bf9c4cd6-1234-434e-9d8a-fb7717494c0f,GA-CROSS,D,2026-08-13T07:13:43.222Z
bf9c4cd6-1234-434e-9d8a-fb7717494c0f,GA-POC,C,2026-08-13T07:13:43.222Z
bf9c4cd6-1234-434e-9d8a-fb7717494c0f,GA-DIG,A,2026-08-13T07:13:43.222Z
bf9c4cd6-1234-434e-9d8a-fb7717494c0f,GA-ENFORC,D,2026-08-13T07:13:43.222Z
bf9c4cd6-1234-434e-9d8a-fb7717494c0f,GA-BAND-1,D,2026-08-13T07:13:43.222Z
bf9c4cd6-1234-434e-9d8a-fb7717494c0f,GA-BAND-2,C,2026-08-13T07:13:43.222Z
bf9c4cd6-1234-434e-9d8a-fb7717494c0f,GA-ARAC,A,2026-08-13T07:13:43.222Z
bf9c4cd6-1234-434e-9d8a-fb7717494c0f,GA-POTA,C,2026-08-13T07:13:43.222Z
bf9c4cd6-1234-434e-9d8a-fb7717494c0f,GA-LORA,D,2026-08-13T07:13:43.222Z
bf9c4cd6-1234-434e-9d8a-fb7717494c0f,GA-6,C,2026-08-13T07:13:43.222Z
bf9c4cd6-1234-434e-9d8a-fb7717494c0f,GA-6,D,2026-08-13T07:13:43.222Z
bf9c4cd6-1234-434e-9d8a-fb7717494c0f,GA-SK,D,2026-08-13T07:13:43.222Z
bf9c4cd6-1234-434e-9d8a-fb7717494c0f,GA-CALL,A,2026-08-13T07:13:43.222Z
bf9c4cd6-1234-434e-9d8a-fb7717494c0f,GA-CIHAZ,D,2026-08-13T07:13:43.222Z
bf9c4cd6-1234-434e-9d8a-fb7717494c0f,GA-EMCOMM,D,2026-08-13T07:13:43.222Z
8231f49b-f11c-4fc1-a334-dc113ea4f5bd,GA-1,D,2026-08-13T09:49:28.939Z
8231f49b-f11c-4fc1-a334-dc113ea4f5bd,GA-3,A,2026-08-13T09:49:28.939Z
8231f49b-f11c-4fc1-a334-dc113ea4f5bd,GA-RX,D,2026-08-13T09:49:28.939Z
8231f49b-f11c-4fc1-a334-dc113ea4f5bd,GA-RX/Kanal,D,2026-08-13T09:49:28.939Z
8231f49b-f11c-4fc1-a334-dc113ea4f5bd,GA-NODE,D,2026-08-13T09:49:28.939Z
8231f49b-f11c-4fc1-a334-dc113ea4f5bd,GA-CROSS,D,2026-08-13T09:49:28.939Z
8231f49b-f11c-4fc1-a334-dc113ea4f5bd,GA-POC,C,2026-08-13T09:49:28.939Z
8231f49b-f11c-4fc1-a334-dc113ea4f5bd,GA-DIG,D,2026-08-13T09:49:28.939Z
8231f49b-f11c-4fc1-a334-dc113ea4f5bd,GA-ENFORC,D,2026-08-13T09:49:28.939Z
8231f49b-f11c-4fc1-a334-dc113ea4f5bd,GA-BAND-1,C,2026-08-13T09:49:28.939Z
8231f49b-f11c-4fc1-a334-dc113ea4f5bd,GA-BAND-2,D,2026-08-13T09:49:28.939Z
8231f49b-f11c-4fc1-a334-dc113ea4f5bd,GA-BAND-3,D,2026-08-13T09:49:28.939Z
8231f49b-f11c-4fc1-a334-dc113ea4f5bd,GA-ARAC,D,2026-08-13T09:49:28.939Z
8231f49b-f11c-4fc1-a334-dc113ea4f5bd,GA-POTA,C,2026-08-13T09:49:28.939Z
8231f49b-f11c-4fc1-a334-dc113ea4f5bd,GA-AREDN,C,2026-08-13T09:49:28.939Z
8231f49b-f11c-4fc1-a334-dc113ea4f5bd,GA-LORA,D,2026-08-13T09:49:28.939Z
8231f49b-f11c-4fc1-a334-dc113ea4f5bd,GA-4,D,2026-08-13T09:49:28.939Z
8231f49b-f11c-4fc1-a334-dc113ea4f5bd,GA-6,C,2026-08-13T09:49:28.939Z
8231f49b-f11c-4fc1-a334-dc113ea4f5bd,GA-SK,A,2026-08-13T09:49:28.939Z
8231f49b-f11c-4fc1-a334-dc113ea4f5bd,GA-CALL,D,2026-08-13T09:49:28.939Z
8231f49b-f11c-4fc1-a334-dc113ea4f5bd,GA-CIHAZ,D,2026-08-13T09:49:28.939Z
8231f49b-f11c-4fc1-a334-dc113ea4f5bd,GA-EMCOMM,C,2026-08-13T09:49:28.939Z
8680bff3-b20c-412c-aff7-8add23dcd4a0,GA-1,D,2026-08-13T17:57:54.172Z
8680bff3-b20c-412c-aff7-8add23dcd4a0,GA-3,D,2026-08-13T17:57:54.172Z
8680bff3-b20c-412c-aff7-8add23dcd4a0,GA-RX,D,2026-08-13T17:57:54.172Z
8680bff3-b20c-412c-aff7-8add23dcd4a0,GA-RX/Kanal,E,2026-08-13T17:57:54.172Z
8680bff3-b20c-412c-aff7-8add23dcd4a0,GA-NODE,D,2026-08-13T17:57:54.172Z
8680bff3-b20c-412c-aff7-8add23dcd4a0,GA-CROSS,A,2026-08-13T17:57:54.172Z
8680bff3-b20c-412c-aff7-8add23dcd4a0,GA-POC,D,2026-08-13T17:57:54.172Z
8680bff3-b20c-412c-aff7-8add23dcd4a0,GA-DIG,A,2026-08-13T17:57:54.172Z
8680bff3-b20c-412c-aff7-8add23dcd4a0,GA-ENFORC,B,2026-08-13T17:57:54.172Z
8680bff3-b20c-412c-aff7-8add23dcd4a0,GA-BAND-1,D,2026-08-13T17:57:54.172Z
8680bff3-b20c-412c-aff7-8add23dcd4a0,GA-BAND-2,D,2026-08-13T17:57:54.172Z
8680bff3-b20c-412c-aff7-8add23dcd4a0,GA-BAND-3,D,2026-08-13T17:57:54.172Z
8680bff3-b20c-412c-aff7-8add23dcd4a0,GA-ARAC,D,2026-08-13T17:57:54.172Z
8680bff3-b20c-412c-aff7-8add23dcd4a0,GA-AREDN,A,2026-08-13T17:57:54.172Z
8680bff3-b20c-412c-aff7-8add23dcd4a0,GA-LORA,D,2026-08-13T17:57:54.172Z
8680bff3-b20c-412c-aff7-8add23dcd4a0,GA-4,D,2026-08-13T17:57:54.172Z
8680bff3-b20c-412c-aff7-8add23dcd4a0,GA-6,D,2026-08-13T17:57:54.172Z
8680bff3-b20c-412c-aff7-8add23dcd4a0,GA-SK,A,2026-08-13T17:57:54.172Z
8680bff3-b20c-412c-aff7-8add23dcd4a0,GA-CALL,A,2026-08-13T17:57:54.172Z
8680bff3-b20c-412c-aff7-8add23dcd4a0,GA-CIHAZ,D,2026-08-13T17:57:54.172Z
8680bff3-b20c-412c-aff7-8add23dcd4a0,GA-EMCOMM,A,2026-08-13T17:57:54.172Z
e96befcf-02c9-4933-916d-8f8e63215b79,GA-1,C,2026-08-15T07:04:20.421Z
e96befcf-02c9-4933-916d-8f8e63215b79,GA-1,D,2026-08-15T07:04:20.421Z
e96befcf-02c9-4933-916d-8f8e63215b79,GA-3,D,2026-08-15T07:04:20.421Z
e96befcf-02c9-4933-916d-8f8e63215b79,GA-RX,C,2026-08-15T07:04:20.421Z
e96befcf-02c9-4933-916d-8f8e63215b79,GA-RX,B,2026-08-15T07:04:20.421Z
e96befcf-02c9-4933-916d-8f8e63215b79,GA-RX/Kanal,B,2026-08-15T07:04:20.421Z
e96befcf-02c9-4933-916d-8f8e63215b79,GA-RX/Kanal,C,2026-08-15T07:04:20.421Z
e96befcf-02c9-4933-916d-8f8e63215b79,GA-NODE,D,2026-08-15T07:04:20.421Z
e96befcf-02c9-4933-916d-8f8e63215b79,GA-CROSS,C,2026-08-15T07:04:20.421Z
e96befcf-02c9-4933-916d-8f8e63215b79,GA-POC,C,2026-08-15T07:04:20.421Z
e96befcf-02c9-4933-916d-8f8e63215b79,GA-DIG,D,2026-08-15T07:04:20.421Z
e96befcf-02c9-4933-916d-8f8e63215b79,GA-ENFORC,D,2026-08-15T07:04:20.421Z
e96befcf-02c9-4933-916d-8f8e63215b79,GA-BAND-1,D,2026-08-15T07:04:20.421Z
e96befcf-02c9-4933-916d-8f8e63215b79,GA-BAND-1,C,2026-08-15T07:04:20.421Z
e96befcf-02c9-4933-916d-8f8e63215b79,GA-BAND-2,C,2026-08-15T07:04:20.421Z
e96befcf-02c9-4933-916d-8f8e63215b79,GA-BAND-2,B,2026-08-15T07:04:20.421Z
e96befcf-02c9-4933-916d-8f8e63215b79,GA-BAND-3,D,2026-08-15T07:04:20.421Z
e96befcf-02c9-4933-916d-8f8e63215b79,GA-ARAC,D,2026-08-15T07:04:20.421Z
e96befcf-02c9-4933-916d-8f8e63215b79,GA-ARAC,C,2026-08-15T07:04:20.421Z
e96befcf-02c9-4933-916d-8f8e63215b79,GA-POTA,C,2026-08-15T07:04:20.421Z
e96befcf-02c9-4933-916d-8f8e63215b79,GA-POTA,D,2026-08-15T07:04:20.421Z
e96befcf-02c9-4933-916d-8f8e63215b79,GA-AREDN,A,2026-08-15T07:04:20.421Z
e96befcf-02c9-4933-916d-8f8e63215b79,GA-AREDN,C,2026-08-15T07:04:20.421Z
e96befcf-02c9-4933-916d-8f8e63215b79,GA-LORA,D,2026-08-15T07:04:20.421Z
e96befcf-02c9-4933-916d-8f8e63215b79,GA-4,B,2026-08-15T07:04:20.421Z
e96befcf-02c9-4933-916d-8f8e63215b79,GA-4,D,2026-08-15T07:04:20.421Z
e96befcf-02c9-4933-916d-8f8e63215b79,GA-6,D,2026-08-15T07:04:20.421Z
e96befcf-02c9-4933-916d-8f8e63215b79,GA-SK,D,2026-08-15T07:04:20.421Z
e96befcf-02c9-4933-916d-8f8e63215b79,GA-CALL,A,2026-08-15T07:04:20.421Z
e96befcf-02c9-4933-916d-8f8e63215b79,GA-CALL,C,2026-08-15T07:04:20.421Z
e96befcf-02c9-4933-916d-8f8e63215b79,GA-CIHAZ,D,2026-08-15T07:04:20.421Z
e96befcf-02c9-4933-916d-8f8e63215b79,GA-EMCOMM,D,2026-08-15T07:04:20.421Z
e96befcf-02c9-4933-916d-8f8e63215b79,GA-EMCOMM,C,2026-08-15T07:04:20.421Z
0b7a0a86-6021-4c66-874b-5f2c03c88e06,GA-1,D,2026-08-16T10:52:00.429Z
0b7a0a86-6021-4c66-874b-5f2c03c88e06,GA-3,A,2026-08-16T10:52:00.429Z
0b7a0a86-6021-4c66-874b-5f2c03c88e06,GA-RX,D,2026-08-16T10:52:00.429Z
0b7a0a86-6021-4c66-874b-5f2c03c88e06,GA-RX/Kanal,A,2026-08-16T10:52:00.429Z
0b7a0a86-6021-4c66-874b-5f2c03c88e06,GA-NODE,D,2026-08-16T10:52:00.429Z
0b7a0a86-6021-4c66-874b-5f2c03c88e06,GA-CROSS,D,2026-08-16T10:52:00.429Z
0b7a0a86-6021-4c66-874b-5f2c03c88e06,GA-POC,C,2026-08-16T10:52:00.429Z
0b7a0a86-6021-4c66-874b-5f2c03c88e06,GA-DIG,D,2026-08-16T10:52:00.429Z
0b7a0a86-6021-4c66-874b-5f2c03c88e06,GA-ENFORC,D,2026-08-16T10:52:00.429Z
0b7a0a86-6021-4c66-874b-5f2c03c88e06,GA-BAND-1,D,2026-08-16T10:52:00.429Z
0b7a0a86-6021-4c66-874b-5f2c03c88e06,GA-BAND-2,D,2026-08-16T10:52:00.429Z
0b7a0a86-6021-4c66-874b-5f2c03c88e06,GA-BAND-3,D,2026-08-16T10:52:00.429Z
0b7a0a86-6021-4c66-874b-5f2c03c88e06,GA-ARAC,D,2026-08-16T10:52:00.429Z
0b7a0a86-6021-4c66-874b-5f2c03c88e06,GA-POTA,D,2026-08-16T10:52:00.429Z
0b7a0a86-6021-4c66-874b-5f2c03c88e06,GA-AREDN,C,2026-08-16T10:52:00.429Z
0b7a0a86-6021-4c66-874b-5f2c03c88e06,GA-LORA,D,2026-08-16T10:52:00.429Z
0b7a0a86-6021-4c66-874b-5f2c03c88e06,GA-4,D,2026-08-16T10:52:00.429Z
0b7a0a86-6021-4c66-874b-5f2c03c88e06,GA-6,D,2026-08-16T10:52:00.429Z
0b7a0a86-6021-4c66-874b-5f2c03c88e06,GA-SK,D,2026-08-16T10:52:00.429Z
0b7a0a86-6021-4c66-874b-5f2c03c88e06,GA-CALL,D,2026-08-16T10:52:00.429Z
0b7a0a86-6021-4c66-874b-5f2c03c88e06,GA-CIHAZ,D,2026-08-16T10:52:00.429Z
0b7a0a86-6021-4c66-874b-5f2c03c88e06,GA-EMCOMM,D,2026-08-16T10:52:00.429Z
d2b7d9a0-76f2-47b2-a769-a93fe04672cc,GA-1,C,2026-08-16T22:17:13.255Z
d2b7d9a0-76f2-47b2-a769-a93fe04672cc,GA-1,D,2026-08-16T22:17:13.255Z
d2b7d9a0-76f2-47b2-a769-a93fe04672cc,GA-3,A,2026-08-16T22:17:13.255Z
d2b7d9a0-76f2-47b2-a769-a93fe04672cc,GA-RX,D,2026-08-16T22:17:13.255Z
d2b7d9a0-76f2-47b2-a769-a93fe04672cc,GA-RX/Kanal,A,2026-08-16T22:17:13.255Z
d2b7d9a0-76f2-47b2-a769-a93fe04672cc,GA-RX/Kanal,B,2026-08-16T22:17:13.255Z
d2b7d9a0-76f2-47b2-a769-a93fe04672cc,GA-RX/Kanal,C,2026-08-16T22:17:13.255Z
d2b7d9a0-76f2-47b2-a769-a93fe04672cc,GA-NODE,B,2026-08-16T22:17:13.255Z
d2b7d9a0-76f2-47b2-a769-a93fe04672cc,GA-NODE,D,2026-08-16T22:17:13.255Z
d2b7d9a0-76f2-47b2-a769-a93fe04672cc,GA-CROSS,B,2026-08-16T22:17:13.255Z
d2b7d9a0-76f2-47b2-a769-a93fe04672cc,GA-CROSS,A,2026-08-16T22:17:13.255Z
d2b7d9a0-76f2-47b2-a769-a93fe04672cc,GA-CROSS,C,2026-08-16T22:17:13.255Z
d2b7d9a0-76f2-47b2-a769-a93fe04672cc,GA-CROSS,D,2026-08-16T22:17:13.255Z
d2b7d9a0-76f2-47b2-a769-a93fe04672cc,GA-POC,B,2026-08-16T22:17:13.255Z
d2b7d9a0-76f2-47b2-a769-a93fe04672cc,GA-POC,C,2026-08-16T22:17:13.255Z
d2b7d9a0-76f2-47b2-a769-a93fe04672cc,GA-POC,D,2026-08-16T22:17:13.255Z
d2b7d9a0-76f2-47b2-a769-a93fe04672cc,GA-DIG,A,2026-08-16T22:17:13.255Z
d2b7d9a0-76f2-47b2-a769-a93fe04672cc,GA-DIG,B,2026-08-16T22:17:13.255Z
d2b7d9a0-76f2-47b2-a769-a93fe04672cc,GA-DIG,D,2026-08-16T22:17:13.255Z
d2b7d9a0-76f2-47b2-a769-a93fe04672cc,GA-ENFORC,A,2026-08-16T22:17:13.255Z
d2b7d9a0-76f2-47b2-a769-a93fe04672cc,GA-ENFORC,D,2026-08-16T22:17:13.255Z
d2b7d9a0-76f2-47b2-a769-a93fe04672cc,GA-BAND-1,B,2026-08-16T22:17:13.255Z
d2b7d9a0-76f2-47b2-a769-a93fe04672cc,GA-BAND-1,C,2026-08-16T22:17:13.255Z
d2b7d9a0-76f2-47b2-a769-a93fe04672cc,GA-BAND-2,B,2026-08-16T22:17:13.255Z
d2b7d9a0-76f2-47b2-a769-a93fe04672cc,GA-BAND-2,C,2026-08-16T22:17:13.255Z
d2b7d9a0-76f2-47b2-a769-a93fe04672cc,GA-BAND-2,D,2026-08-16T22:17:13.255Z
d2b7d9a0-76f2-47b2-a769-a93fe04672cc,GA-BAND-3,A,2026-08-16T22:17:13.255Z
d2b7d9a0-76f2-47b2-a769-a93fe04672cc,GA-ARAC,A,2026-08-16T22:17:13.255Z
d2b7d9a0-76f2-47b2-a769-a93fe04672cc,GA-POTA,B,2026-08-16T22:17:13.255Z
d2b7d9a0-76f2-47b2-a769-a93fe04672cc,GA-POTA,C,2026-08-16T22:17:13.255Z
d2b7d9a0-76f2-47b2-a769-a93fe04672cc,GA-AREDN,A,2026-08-16T22:17:13.255Z
d2b7d9a0-76f2-47b2-a769-a93fe04672cc,GA-LORA,D,2026-08-16T22:17:13.255Z
d2b7d9a0-76f2-47b2-a769-a93fe04672cc,GA-4,C,2026-08-16T22:17:13.255Z
d2b7d9a0-76f2-47b2-a769-a93fe04672cc,GA-4,D,2026-08-16T22:17:13.255Z
d2b7d9a0-76f2-47b2-a769-a93fe04672cc,GA-6,B,2026-08-16T22:17:13.255Z
d2b7d9a0-76f2-47b2-a769-a93fe04672cc,GA-6,C,2026-08-16T22:17:13.255Z
d2b7d9a0-76f2-47b2-a769-a93fe04672cc,GA-6,D,2026-08-16T22:17:13.255Z
d2b7d9a0-76f2-47b2-a769-a93fe04672cc,GA-SK,A,2026-08-16T22:17:13.255Z
d2b7d9a0-76f2-47b2-a769-a93fe04672cc,GA-CALL,B,2026-08-16T22:17:13.255Z
d2b7d9a0-76f2-47b2-a769-a93fe04672cc,GA-CALL,D,2026-08-16T22:17:13.255Z
d2b7d9a0-76f2-47b2-a769-a93fe04672cc,GA-CIHAZ,B,2026-08-16T22:17:13.255Z
d2b7d9a0-76f2-47b2-a769-a93fe04672cc,GA-CIHAZ,C,2026-08-16T22:17:13.255Z
d2b7d9a0-76f2-47b2-a769-a93fe04672cc,GA-CIHAZ,D,2026-08-16T22:17:13.255Z
d2b7d9a0-76f2-47b2-a769-a93fe04672cc,GA-EMCOMM,A,2026-08-16T22:17:13.255Z
adf0f851-feca-49c8-beaa-d873c002af72,GA-EMCOMM,E,2026-08-18T20:20:12.490Z
adf0f851-feca-49c8-beaa-d873c002af72,GA-CIHAZ,E,2026-08-18T20:20:12.490Z
adf0f851-feca-49c8-beaa-d873c002af72,GA-CALL,E,2026-08-18T20:20:12.490Z
adf0f851-feca-49c8-beaa-d873c002af72,GA-SK,E,2026-08-18T20:20:12.490Z
adf0f851-feca-49c8-beaa-d873c002af72,GA-6,E,2026-08-18T20:20:12.490Z
adf0f851-feca-49c8-beaa-d873c002af72,GA-4,E,2026-08-18T20:20:12.490Z
adf0f851-feca-49c8-beaa-d873c002af72,GA-LORA,E,2026-08-18T20:20:12.490Z
adf0f851-feca-49c8-beaa-d873c002af72,GA-AREDN,E,2026-08-18T20:20:12.490Z
adf0f851-feca-49c8-beaa-d873c002af72,GA-BAND-3,E,2026-08-18T20:20:12.490Z
adf0f851-feca-49c8-beaa-d873c002af72,GA-BAND-2,E,2026-08-18T20:20:12.490Z
adf0f851-feca-49c8-beaa-d873c002af72,GA-BAND-1,E,2026-08-18T20:20:12.490Z
adf0f851-feca-49c8-beaa-d873c002af72,GA-ENFORC,E,2026-08-18T20:20:12.490Z
adf0f851-feca-49c8-beaa-d873c002af72,GA-POTA,E,2026-08-18T20:20:12.490Z
adf0f851-feca-49c8-beaa-d873c002af72,GA-ARAC,E,2026-08-18T20:20:12.490Z
adf0f851-feca-49c8-beaa-d873c002af72,GA-DIG,E,2026-08-18T20:20:12.490Z
adf0f851-feca-49c8-beaa-d873c002af72,GA-POC,E,2026-08-18T20:20:12.490Z
adf0f851-feca-49c8-beaa-d873c002af72,GA-CROSS,E,2026-08-18T20:20:12.490Z
adf0f851-feca-49c8-beaa-d873c002af72,GA-NODE,E,2026-08-18T20:20:12.490Z
adf0f851-feca-49c8-beaa-d873c002af72,GA-RX/Kanal,E,2026-08-18T20:20:12.490Z
adf0f851-feca-49c8-beaa-d873c002af72,GA-RX,E,2026-08-18T20:20:12.490Z
adf0f851-feca-49c8-beaa-d873c002af72,GA-3,E,2026-08-18T20:20:12.490Z
adf0f851-feca-49c8-beaa-d873c002af72,GA-1,E,2026-08-18T20:20:12.490Z
7fc77208-1d14-4416-bb7a-0c5b9b294b43,GA-1,A,2026-08-29T08:42:09.186Z
7fc77208-1d14-4416-bb7a-0c5b9b294b43,GA-3,A,2026-08-29T08:42:09.186Z
7fc77208-1d14-4416-bb7a-0c5b9b294b43,GA-RX,D,2026-08-29T08:42:09.186Z
7fc77208-1d14-4416-bb7a-0c5b9b294b43,GA-RX/Kanal,A,2026-08-29T08:42:09.186Z
7fc77208-1d14-4416-bb7a-0c5b9b294b43,GA-NODE,D,2026-08-29T08:42:09.186Z
7fc77208-1d14-4416-bb7a-0c5b9b294b43,GA-CROSS,D,2026-08-29T08:42:09.186Z
7fc77208-1d14-4416-bb7a-0c5b9b294b43,GA-POC,C,2026-08-29T08:42:09.186Z
7fc77208-1d14-4416-bb7a-0c5b9b294b43,GA-DIG,E,2026-08-29T08:42:09.186Z
7fc77208-1d14-4416-bb7a-0c5b9b294b43,GA-ENFORC,D,2026-08-29T08:42:09.186Z
7fc77208-1d14-4416-bb7a-0c5b9b294b43,GA-BAND-1,E,2026-08-29T08:42:09.186Z
7fc77208-1d14-4416-bb7a-0c5b9b294b43,GA-BAND-2,D,2026-08-29T08:42:09.186Z
7fc77208-1d14-4416-bb7a-0c5b9b294b43,GA-BAND-3,E,2026-08-29T08:42:09.186Z
7fc77208-1d14-4416-bb7a-0c5b9b294b43,GA-ARAC,E,2026-08-29T08:42:09.186Z
7fc77208-1d14-4416-bb7a-0c5b9b294b43,GA-POTA,E,2026-08-29T08:42:09.186Z
7fc77208-1d14-4416-bb7a-0c5b9b294b43,GA-AREDN,E,2026-08-29T08:42:09.186Z
7fc77208-1d14-4416-bb7a-0c5b9b294b43,GA-LORA,E,2026-08-29T08:42:09.186Z
7fc77208-1d14-4416-bb7a-0c5b9b294b43,GA-4,E,2026-08-29T08:42:09.186Z
7fc77208-1d14-4416-bb7a-0c5b9b294b43,GA-6,D,2026-08-29T08:42:09.186Z
7fc77208-1d14-4416-bb7a-0c5b9b294b43,GA-SK,A,2026-08-29T08:42:09.186Z
7fc77208-1d14-4416-bb7a-0c5b9b294b43,GA-CALL,E,2026-08-29T08:42:09.186Z
7fc77208-1d14-4416-bb7a-0c5b9b294b43,GA-CIHAZ,D,2026-08-29T08:42:09.186Z
7fc77208-1d14-4416-bb7a-0c5b9b294b43,GA-EMCOMM,E,2026-08-29T08:42:09.186Z
4d52a93d-86ad-46a5-ba3b-3c832e9acd21,GA-1,D,2026-09-04T19:01:56.488Z
4d52a93d-86ad-46a5-ba3b-3c832e9acd21,GA-3,C,2026-09-04T19:01:56.488Z
4d52a93d-86ad-46a5-ba3b-3c832e9acd21,GA-RX,D,2026-09-04T19:01:56.488Z
4d52a93d-86ad-46a5-ba3b-3c832e9acd21,GA-RX/Kanal,D,2026-09-04T19:01:56.488Z
4d52a93d-86ad-46a5-ba3b-3c832e9acd21,GA-CROSS,C,2026-09-04T19:01:56.488Z
4d52a93d-86ad-46a5-ba3b-3c832e9acd21,GA-POC,C,2026-09-04T19:01:56.488Z
4d52a93d-86ad-46a5-ba3b-3c832e9acd21,GA-BAND-1,C,2026-09-04T19:01:56.488Z
4d52a93d-86ad-46a5-ba3b-3c832e9acd21,GA-ARAC,A,2026-09-04T19:01:56.488Z
4d52a93d-86ad-46a5-ba3b-3c832e9acd21,GA-6,B,2026-09-04T19:01:56.488Z
4d52a93d-86ad-46a5-ba3b-3c832e9acd21,GA-CALL,A,2026-09-04T19:01:56.488Z
4d52a93d-86ad-46a5-ba3b-3c832e9acd21,GA-EMCOMM,D,2026-09-04T19:01:56.488Z
017e6ea2-427d-437c-9926-0c7b63ede35d,GA-1,D,2026-09-05T21:34:51.151Z
017e6ea2-427d-437c-9926-0c7b63ede35d,GA-3,A,2026-09-05T21:34:51.151Z
017e6ea2-427d-437c-9926-0c7b63ede35d,GA-RX,D,2026-09-05T21:34:51.151Z
017e6ea2-427d-437c-9926-0c7b63ede35d,GA-RX,E,2026-09-05T21:34:51.151Z
017e6ea2-427d-437c-9926-0c7b63ede35d,GA-RX/Kanal,A,2026-09-05T21:34:51.151Z
017e6ea2-427d-437c-9926-0c7b63ede35d,GA-NODE,D,2026-09-05T21:34:51.151Z
017e6ea2-427d-437c-9926-0c7b63ede35d,GA-CROSS,D,2026-09-05T21:34:51.151Z
017e6ea2-427d-437c-9926-0c7b63ede35d,GA-CROSS,E,2026-09-05T21:34:51.151Z
017e6ea2-427d-437c-9926-0c7b63ede35d,GA-POC,C,2026-09-05T21:34:51.151Z
017e6ea2-427d-437c-9926-0c7b63ede35d,GA-DIG,D,2026-09-05T21:34:51.151Z
017e6ea2-427d-437c-9926-0c7b63ede35d,GA-ENFORC,D,2026-09-05T21:34:51.151Z
017e6ea2-427d-437c-9926-0c7b63ede35d,GA-BAND-1,C,2026-09-05T21:34:51.151Z
017e6ea2-427d-437c-9926-0c7b63ede35d,GA-BAND-2,D,2026-09-05T21:34:51.151Z
017e6ea2-427d-437c-9926-0c7b63ede35d,GA-BAND-3,A,2026-09-05T21:34:51.151Z
017e6ea2-427d-437c-9926-0c7b63ede35d,GA-BAND-3,D,2026-09-05T21:34:51.151Z
017e6ea2-427d-437c-9926-0c7b63ede35d,GA-ARAC,D,2026-09-05T21:34:51.151Z
017e6ea2-427d-437c-9926-0c7b63ede35d,GA-ARAC,E,2026-09-05T21:34:51.151Z
017e6ea2-427d-437c-9926-0c7b63ede35d,GA-POTA,D,2026-09-05T21:34:51.151Z
017e6ea2-427d-437c-9926-0c7b63ede35d,GA-POTA,E,2026-09-05T21:34:51.151Z
017e6ea2-427d-437c-9926-0c7b63ede35d,GA-AREDN,C,2026-09-05T21:34:51.151Z
017e6ea2-427d-437c-9926-0c7b63ede35d,GA-LORA,D,2026-09-05T21:34:51.151Z
017e6ea2-427d-437c-9926-0c7b63ede35d,GA-4,D,2026-09-05T21:34:51.151Z
017e6ea2-427d-437c-9926-0c7b63ede35d,GA-6,D,2026-09-05T21:34:51.151Z
017e6ea2-427d-437c-9926-0c7b63ede35d,GA-SK,D,2026-09-05T21:34:51.151Z
017e6ea2-427d-437c-9926-0c7b63ede35d,GA-CALL,D,2026-09-05T21:34:51.151Z
017e6ea2-427d-437c-9926-0c7b63ede35d,GA-CIHAZ,D,2026-09-05T21:34:51.151Z
017e6ea2-427d-437c-9926-0c7b63ede35d,GA-EMCOMM,D,2026-09-05T21:34:51.151Z
017e6ea2-427d-437c-9926-0c7b63ede35d,GA-EMCOMM,E,2026-09-05T21:34:51.151Z
c77977d6-563d-4a84-9958-1bb50d4b69ba,GA-3,A,2026-09-06T19:56:49.286Z
c77977d6-563d-4a84-9958-1bb50d4b69ba,GA-1,D,2026-09-06T19:56:49.286Z
c77977d6-563d-4a84-9958-1bb50d4b69ba,GA-RX,D,2026-09-06T19:56:49.286Z
c77977d6-563d-4a84-9958-1bb50d4b69ba,GA-RX/Kanal,A,2026-09-06T19:56:49.286Z
c77977d6-563d-4a84-9958-1bb50d4b69ba,GA-NODE,D,2026-09-06T19:56:49.286Z
c77977d6-563d-4a84-9958-1bb50d4b69ba,GA-CROSS,D,2026-09-06T19:56:49.286Z
c77977d6-563d-4a84-9958-1bb50d4b69ba,GA-POC,C,2026-09-06T19:56:49.286Z
c77977d6-563d-4a84-9958-1bb50d4b69ba,GA-DIG,D,2026-09-06T19:56:49.286Z
c77977d6-563d-4a84-9958-1bb50d4b69ba,GA-ENFORC,D,2026-09-06T19:56:49.286Z
c77977d6-563d-4a84-9958-1bb50d4b69ba,GA-BAND-1,C,2026-09-06T19:56:49.286Z
c77977d6-563d-4a84-9958-1bb50d4b69ba,GA-BAND-2,C,2026-09-06T19:56:49.286Z
c77977d6-563d-4a84-9958-1bb50d4b69ba,GA-BAND-3,D,2026-09-06T19:56:49.286Z
c77977d6-563d-4a84-9958-1bb50d4b69ba,GA-ARAC,C,2026-09-06T19:56:49.286Z
c77977d6-563d-4a84-9958-1bb50d4b69ba,GA-POTA,D,2026-09-06T19:56:49.286Z
c77977d6-563d-4a84-9958-1bb50d4b69ba,GA-AREDN,C,2026-09-06T19:56:49.286Z
c77977d6-563d-4a84-9958-1bb50d4b69ba,GA-LORA,D,2026-09-06T19:56:49.286Z
c77977d6-563d-4a84-9958-1bb50d4b69ba,GA-4,D,2026-09-06T19:56:49.286Z
c77977d6-563d-4a84-9958-1bb50d4b69ba,GA-6,D,2026-09-06T19:56:49.286Z
c77977d6-563d-4a84-9958-1bb50d4b69ba,GA-SK,D,2026-09-06T19:56:49.286Z
c77977d6-563d-4a84-9958-1bb50d4b69ba,GA-CALL,D,2026-09-06T19:56:49.286Z
c77977d6-563d-4a84-9958-1bb50d4b69ba,GA-CIHAZ,D,2026-09-06T19:56:49.286Z
c77977d6-563d-4a84-9958-1bb50d4b69ba,GA-EMCOMM,D,2026-09-06T19:56:49.286Z
4daf7152-3a0b-4925-b8a2-20afb4149a9b,GA-1,D,2026-09-06T20:04:11.320Z
4daf7152-3a0b-4925-b8a2-20afb4149a9b,GA-3,A,2026-09-06T20:04:11.320Z
4daf7152-3a0b-4925-b8a2-20afb4149a9b,GA-RX,D,2026-09-06T20:04:11.320Z
4daf7152-3a0b-4925-b8a2-20afb4149a9b,GA-RX/Kanal,D,2026-09-06T20:04:11.320Z
4daf7152-3a0b-4925-b8a2-20afb4149a9b,GA-NODE,D,2026-09-06T20:04:11.320Z
4daf7152-3a0b-4925-b8a2-20afb4149a9b,GA-CROSS,C,2026-09-06T20:04:11.320Z
4daf7152-3a0b-4925-b8a2-20afb4149a9b,GA-CROSS,D,2026-09-06T20:04:11.320Z
4daf7152-3a0b-4925-b8a2-20afb4149a9b,GA-POC,C,2026-09-06T20:04:11.320Z
4daf7152-3a0b-4925-b8a2-20afb4149a9b,GA-DIG,D,2026-09-06T20:04:11.320Z
4daf7152-3a0b-4925-b8a2-20afb4149a9b,GA-DIG,C,2026-09-06T20:04:11.320Z
4daf7152-3a0b-4925-b8a2-20afb4149a9b,GA-ENFORC,D,2026-09-06T20:04:11.320Z
4daf7152-3a0b-4925-b8a2-20afb4149a9b,GA-BAND-1,D,2026-09-06T20:04:11.320Z
4daf7152-3a0b-4925-b8a2-20afb4149a9b,GA-BAND-1,C,2026-09-06T20:04:11.320Z
4daf7152-3a0b-4925-b8a2-20afb4149a9b,GA-BAND-2,D,2026-09-06T20:04:11.320Z
4daf7152-3a0b-4925-b8a2-20afb4149a9b,GA-BAND-2,C,2026-09-06T20:04:11.320Z
4daf7152-3a0b-4925-b8a2-20afb4149a9b,GA-BAND-3,D,2026-09-06T20:04:11.320Z
4daf7152-3a0b-4925-b8a2-20afb4149a9b,GA-ARAC,D,2026-09-06T20:04:11.320Z
4daf7152-3a0b-4925-b8a2-20afb4149a9b,GA-ARAC,C,2026-09-06T20:04:11.320Z
4daf7152-3a0b-4925-b8a2-20afb4149a9b,GA-POTA,C,2026-09-06T20:04:11.320Z
4daf7152-3a0b-4925-b8a2-20afb4149a9b,GA-POTA,D,2026-09-06T20:04:11.320Z
4daf7152-3a0b-4925-b8a2-20afb4149a9b,GA-AREDN,C,2026-09-06T20:04:11.320Z
4daf7152-3a0b-4925-b8a2-20afb4149a9b,GA-AREDN,D,2026-09-06T20:04:11.320Z
4daf7152-3a0b-4925-b8a2-20afb4149a9b,GA-LORA,D,2026-09-06T20:04:11.320Z
4daf7152-3a0b-4925-b8a2-20afb4149a9b,GA-4,D,2026-09-06T20:04:11.320Z
4daf7152-3a0b-4925-b8a2-20afb4149a9b,GA-6,D,2026-09-06T20:04:11.320Z
4daf7152-3a0b-4925-b8a2-20afb4149a9b,GA-SK,A,2026-09-06T20:04:11.320Z
4daf7152-3a0b-4925-b8a2-20afb4149a9b,GA-CALL,D,2026-09-06T20:04:11.320Z
4daf7152-3a0b-4925-b8a2-20afb4149a9b,GA-CIHAZ,D,2026-09-06T20:04:11.320Z
4daf7152-3a0b-4925-b8a2-20afb4149a9b,GA-EMCOMM,D,2026-09-06T20:04:11.320Z
d7cd4d68-c7d7-4407-8520-097d5d332fef,GA-1,D,2026-09-06T23:38:42.316Z
d7cd4d68-c7d7-4407-8520-097d5d332fef,GA-3,A,2026-09-06T23:38:42.316Z
d7cd4d68-c7d7-4407-8520-097d5d332fef,GA-RX,D,2026-09-06T23:38:42.316Z
d7cd4d68-c7d7-4407-8520-097d5d332fef,GA-RX/Kanal,D,2026-09-06T23:38:42.316Z
d7cd4d68-c7d7-4407-8520-097d5d332fef,GA-RX/Kanal,C,2026-09-06T23:38:42.316Z
d7cd4d68-c7d7-4407-8520-097d5d332fef,GA-RX/Kanal,B,2026-09-06T23:38:42.316Z
d7cd4d68-c7d7-4407-8520-097d5d332fef,GA-NODE,D,2026-09-06T23:38:42.316Z
d7cd4d68-c7d7-4407-8520-097d5d332fef,GA-NODE,C,2026-09-06T23:38:42.316Z
d7cd4d68-c7d7-4407-8520-097d5d332fef,GA-CROSS,D,2026-09-06T23:38:42.316Z
d7cd4d68-c7d7-4407-8520-097d5d332fef,GA-CROSS,B,2026-09-06T23:38:42.316Z
d7cd4d68-c7d7-4407-8520-097d5d332fef,GA-POC,B,2026-09-06T23:38:42.316Z
d7cd4d68-c7d7-4407-8520-097d5d332fef,GA-DIG,D,2026-09-06T23:38:42.316Z
d7cd4d68-c7d7-4407-8520-097d5d332fef,GA-ENFORC,B,2026-09-06T23:38:42.316Z
d7cd4d68-c7d7-4407-8520-097d5d332fef,GA-BAND-1,C,2026-09-06T23:38:42.316Z
d7cd4d68-c7d7-4407-8520-097d5d332fef,GA-BAND-1,D,2026-09-06T23:38:42.316Z
d7cd4d68-c7d7-4407-8520-097d5d332fef,GA-BAND-2,C,2026-09-06T23:38:42.316Z
d7cd4d68-c7d7-4407-8520-097d5d332fef,GA-BAND-2,D,2026-09-06T23:38:42.316Z
d7cd4d68-c7d7-4407-8520-097d5d332fef,GA-BAND-2,B,2026-09-06T23:38:42.316Z
d7cd4d68-c7d7-4407-8520-097d5d332fef,GA-BAND-3,D,2026-09-06T23:38:42.316Z
d7cd4d68-c7d7-4407-8520-097d5d332fef,GA-BAND-3,C,2026-09-06T23:38:42.316Z
d7cd4d68-c7d7-4407-8520-097d5d332fef,GA-ARAC,D,2026-09-06T23:38:42.316Z
d7cd4d68-c7d7-4407-8520-097d5d332fef,GA-POTA,C,2026-09-06T23:38:42.316Z
d7cd4d68-c7d7-4407-8520-097d5d332fef,GA-AREDN,A,2026-09-06T23:38:42.316Z
d7cd4d68-c7d7-4407-8520-097d5d332fef,GA-AREDN,C,2026-09-06T23:38:42.316Z
d7cd4d68-c7d7-4407-8520-097d5d332fef,GA-LORA,D,2026-09-06T23:38:42.316Z
d7cd4d68-c7d7-4407-8520-097d5d332fef,GA-4,D,2026-09-06T23:38:42.316Z
d7cd4d68-c7d7-4407-8520-097d5d332fef,GA-4,C,2026-09-06T23:38:42.316Z
d7cd4d68-c7d7-4407-8520-097d5d332fef,GA-6,D,2026-09-06T23:38:42.316Z
d7cd4d68-c7d7-4407-8520-097d5d332fef,GA-SK,D,2026-09-06T23:38:42.316Z
d7cd4d68-c7d7-4407-8520-097d5d332fef,GA-CALL,D,2026-09-06T23:38:42.316Z
d7cd4d68-c7d7-4407-8520-097d5d332fef,GA-CALL,C,2026-09-06T23:38:42.316Z
d7cd4d68-c7d7-4407-8520-097d5d332fef,GA-CIHAZ,A,2026-09-06T23:38:42.316Z
d7cd4d68-c7d7-4407-8520-097d5d332fef,GA-EMCOMM,B,2026-09-06T23:38:42.316Z
d7cd4d68-c7d7-4407-8520-097d5d332fef,GA-EMCOMM,C,2026-09-06T23:38:42.316Z
3f9ea389-a75a-423a-b40b-60cb527d90cd,GA-1,D,2026-09-07T22:19:05.905Z
3f9ea389-a75a-423a-b40b-60cb527d90cd,GA-3,A,2026-09-07T22:19:05.905Z
3f9ea389-a75a-423a-b40b-60cb527d90cd,GA-RX,D,2026-09-07T22:19:05.905Z
3f9ea389-a75a-423a-b40b-60cb527d90cd,GA-RX/Kanal,A,2026-09-07T22:19:05.905Z
3f9ea389-a75a-423a-b40b-60cb527d90cd,GA-NODE,D,2026-09-07T22:19:05.905Z
3f9ea389-a75a-423a-b40b-60cb527d90cd,GA-CROSS,A,2026-09-07T22:19:05.905Z
3f9ea389-a75a-423a-b40b-60cb527d90cd,GA-POC,C,2026-09-07T22:19:05.905Z
3f9ea389-a75a-423a-b40b-60cb527d90cd,GA-DIG,D,2026-09-07T22:19:05.905Z
3f9ea389-a75a-423a-b40b-60cb527d90cd,GA-ENFORC,D,2026-09-07T22:19:05.905Z
3f9ea389-a75a-423a-b40b-60cb527d90cd,GA-BAND-1,D,2026-09-07T22:19:05.905Z
3f9ea389-a75a-423a-b40b-60cb527d90cd,GA-BAND-2,D,2026-09-07T22:19:05.905Z
3f9ea389-a75a-423a-b40b-60cb527d90cd,GA-BAND-3,D,2026-09-07T22:19:05.905Z
3f9ea389-a75a-423a-b40b-60cb527d90cd,GA-ARAC,D,2026-09-07T22:19:05.905Z
3f9ea389-a75a-423a-b40b-60cb527d90cd,GA-POTA,C,2026-09-07T22:19:05.905Z
3f9ea389-a75a-423a-b40b-60cb527d90cd,GA-AREDN,C,2026-09-07T22:19:05.905Z
3f9ea389-a75a-423a-b40b-60cb527d90cd,GA-LORA,D,2026-09-07T22:19:05.905Z
3f9ea389-a75a-423a-b40b-60cb527d90cd,GA-4,D,2026-09-07T22:19:05.905Z
3f9ea389-a75a-423a-b40b-60cb527d90cd,GA-6,D,2026-09-07T22:19:05.905Z
3f9ea389-a75a-423a-b40b-60cb527d90cd,GA-SK,D,2026-09-07T22:19:05.905Z
3f9ea389-a75a-423a-b40b-60cb527d90cd,GA-CALL,D,2026-09-07T22:19:05.905Z
3f9ea389-a75a-423a-b40b-60cb527d90cd,GA-CIHAZ,D,2026-09-07T22:19:05.905Z
3f9ea389-a75a-423a-b40b-60cb527d90cd,GA-EMCOMM,D,2026-09-07T22:19:05.905Z
14e639b2-0e98-4afe-8fc1-be127a5a5480,GA-3,A,2026-09-08T06:40:04.906Z
14e639b2-0e98-4afe-8fc1-be127a5a5480,GA-1,A,2026-09-08T06:40:04.906Z
14e639b2-0e98-4afe-8fc1-be127a5a5480,GA-RX,A,2026-09-08T06:40:04.906Z
14e639b2-0e98-4afe-8fc1-be127a5a5480,GA-RX/Kanal,A,2026-09-08T06:40:04.906Z
14e639b2-0e98-4afe-8fc1-be127a5a5480,GA-NODE,A,2026-09-08T06:40:04.906Z
14e639b2-0e98-4afe-8fc1-be127a5a5480,GA-CROSS,A,2026-09-08T06:40:04.906Z
14e639b2-0e98-4afe-8fc1-be127a5a5480,GA-POC,A,2026-09-08T06:40:04.906Z
14e639b2-0e98-4afe-8fc1-be127a5a5480,GA-DIG,A,2026-09-08T06:40:04.906Z
14e639b2-0e98-4afe-8fc1-be127a5a5480,GA-ENFORC,A,2026-09-08T06:40:04.906Z
14e639b2-0e98-4afe-8fc1-be127a5a5480,GA-BAND-1,A,2026-09-08T06:40:04.906Z
14e639b2-0e98-4afe-8fc1-be127a5a5480,GA-BAND-2,A,2026-09-08T06:40:04.906Z
14e639b2-0e98-4afe-8fc1-be127a5a5480,GA-BAND-3,A,2026-09-08T06:40:04.906Z
14e639b2-0e98-4afe-8fc1-be127a5a5480,GA-ARAC,A,2026-09-08T06:40:04.906Z
14e639b2-0e98-4afe-8fc1-be127a5a5480,GA-POTA,A,2026-09-08T06:40:04.906Z
14e639b2-0e98-4afe-8fc1-be127a5a5480,GA-AREDN,A,2026-09-08T06:40:04.906Z
14e639b2-0e98-4afe-8fc1-be127a5a5480,GA-LORA,A,2026-09-08T06:40:04.906Z
14e639b2-0e98-4afe-8fc1-be127a5a5480,GA-4,A,2026-09-08T06:40:04.906Z
14e639b2-0e98-4afe-8fc1-be127a5a5480,GA-6,A,2026-09-08T06:40:04.906Z
14e639b2-0e98-4afe-8fc1-be127a5a5480,GA-SK,A,2026-09-08T06:40:04.906Z
14e639b2-0e98-4afe-8fc1-be127a5a5480,GA-CALL,A,2026-09-08T06:40:04.906Z
14e639b2-0e98-4afe-8fc1-be127a5a5480,GA-CIHAZ,A,2026-09-08T06:40:04.906Z
14e639b2-0e98-4afe-8fc1-be127a5a5480,GA-EMCOMM,A,2026-09-08T06:40:04.906Z
d177a277-1175-4836-b9e2-ae5189a389e8,GA-1,D,2026-09-08T22:08:01.906Z
d177a277-1175-4836-b9e2-ae5189a389e8,GA-3,D,2026-09-08T22:08:01.906Z
d177a277-1175-4836-b9e2-ae5189a389e8,GA-RX,D,2026-09-08T22:08:01.906Z
d177a277-1175-4836-b9e2-ae5189a389e8,GA-RX/Kanal,D,2026-09-08T22:08:01.906Z
d177a277-1175-4836-b9e2-ae5189a389e8,GA-NODE,D,2026-09-08T22:08:01.906Z
d177a277-1175-4836-b9e2-ae5189a389e8,GA-CROSS,D,2026-09-08T22:08:01.906Z
d177a277-1175-4836-b9e2-ae5189a389e8,GA-POC,D,2026-09-08T22:08:01.906Z
d177a277-1175-4836-b9e2-ae5189a389e8,GA-DIG,D,2026-09-08T22:08:01.906Z
d177a277-1175-4836-b9e2-ae5189a389e8,GA-ENFORC,D,2026-09-08T22:08:01.906Z
d177a277-1175-4836-b9e2-ae5189a389e8,GA-BAND-1,D,2026-09-08T22:08:01.906Z
d177a277-1175-4836-b9e2-ae5189a389e8,GA-BAND-2,D,2026-09-08T22:08:01.906Z
d177a277-1175-4836-b9e2-ae5189a389e8,GA-BAND-3,D,2026-09-08T22:08:01.906Z
d177a277-1175-4836-b9e2-ae5189a389e8,GA-ARAC,D,2026-09-08T22:08:01.906Z
d177a277-1175-4836-b9e2-ae5189a389e8,GA-POTA,D,2026-09-08T22:08:01.906Z
d177a277-1175-4836-b9e2-ae5189a389e8,GA-AREDN,D,2026-09-08T22:08:01.906Z
d177a277-1175-4836-b9e2-ae5189a389e8,GA-LORA,D,2026-09-08T22:08:01.906Z
d177a277-1175-4836-b9e2-ae5189a389e8,GA-4,D,2026-09-08T22:08:01.906Z
d177a277-1175-4836-b9e2-ae5189a389e8,GA-6,D,2026-09-08T22:08:01.906Z
d177a277-1175-4836-b9e2-ae5189a389e8,GA-SK,D,2026-09-08T22:08:01.906Z
d177a277-1175-4836-b9e2-ae5189a389e8,GA-CALL,D,2026-09-08T22:08:01.906Z
d177a277-1175-4836-b9e2-ae5189a389e8,GA-CIHAZ,D,2026-09-08T22:08:01.906Z
d177a277-1175-4836-b9e2-ae5189a389e8,GA-EMCOMM,D,2026-09-08T22:08:01.906Z